latitude,longitude,elevation,utc_offset_seconds,timezone,timezone_abbreviation
52.52,13.419998,38.0,-18000,America/Chicago,GMT-5

time,temperature_2m (°C),rain (mm),apparent_temperature (°C),pressure_msl (hPa),snowfall (cm),precipitation (mm)
2026-03-19T00:00,2.6,0.00,0.0,1028.4,0.00,0.00
2026-03-19T01:00,2.5,0.00,-0.0,1027.9,0.00,0.00
2026-03-19T02:00,3.2,0.00,0.9,1028.2,0.00,0.00
2026-03-19T03:00,5.9,0.00,3.7,1028.0,0.00,0.00
2026-03-19T04:00,10.2,0.00,8.2,1028.6,0.00,0.00
2026-03-19T05:00,12.4,0.00,10.0,1027.3,0.00,0.00
2026-03-19T06:00,13.8,0.00,11.5,1026.5,0.00,0.00
2026-03-19T07:00,14.1,0.00,12.0,1025.9,0.00,0.00
2026-03-19T08:00,14.7,0.00,12.2,1024.9,0.00,0.00
2026-03-19T09:00,14.8,0.00,12.2,1024.1,0.00,0.00
2026-03-19T10:00,15.0,0.00,12.0,1023.3,0.00,0.00
2026-03-19T11:00,14.3,0.00,11.3,1022.9,0.00,0.00
2026-03-19T12:00,13.0,0.00,10.4,1022.3,0.00,0.00
2026-03-19T13:00,11.5,0.00,9.3,1023.1,0.00,0.00
2026-03-19T14:00,10.0,0.00,7.8,1022.4,0.00,0.00
2026-03-19T15:00,9.1,0.00,6.9,1022.2,0.00,0.00
2026-03-19T16:00,8.0,0.00,6.0,1022.2,0.00,0.00
2026-03-19T17:00,7.4,0.00,5.3,1021.7,0.00,0.00
2026-03-19T18:00,6.6,0.00,4.2,1021.6,0.00,0.00
2026-03-19T19:00,6.5,0.00,4.3,1021.7,0.00,0.00
2026-03-19T20:00,6.2,0.00,4.0,1021.5,0.00,0.00
2026-03-19T21:00,6.2,0.00,4.0,1020.8,0.00,0.00
2026-03-19T22:00,6.6,0.00,4.0,1021.4,0.00,0.00
2026-03-19T23:00,6.0,0.20,4.0,1020.9,0.00,0.20
2026-03-20T00:00,5.6,0.00,3.5,1020.9,0.00,0.00
2026-03-20T01:00,5.7,0.00,3.7,1020.8,0.00,0.00
2026-03-20T02:00,6.2,0.00,4.1,1021.0,0.00,0.00
2026-03-20T03:00,7.5,0.00,5.3,1021.1,0.00,0.00
2026-03-20T04:00,8.1,0.00,5.8,1021.9,0.00,0.00
2026-03-20T05:00,9.3,0.00,6.9,1021.6,0.00,0.00
2026-03-20T06:00,10.0,0.00,7.5,1021.4,0.00,0.00
2026-03-20T07:00,10.2,0.00,7.7,1020.7,0.00,0.00
2026-03-20T08:00,10.2,0.00,7.7,1020.4,0.00,0.00
2026-03-20T09:00,10.4,0.00,7.9,1020.0,0.00,0.00
2026-03-20T10:00,10.8,0.00,8.1,1020.2,0.00,0.00
2026-03-20T11:00,10.0,0.00,7.1,1019.8,0.00,0.00
2026-03-20T12:00,8.2,0.00,5.4,1019.9,0.00,0.00
2026-03-20T13:00,7.4,0.00,4.9,1020.8,0.00,0.00
2026-03-20T14:00,6.5,0.00,4.3,1020.7,0.00,0.00
2026-03-20T15:00,5.8,0.00,3.6,1020.8,0.00,0.00
2026-03-20T16:00,5.6,0.00,3.5,1020.5,0.00,0.00
2026-03-20T17:00,5.4,0.00,3.2,1020.6,0.00,0.00
2026-03-20T18:00,5.1,0.00,2.9,1020.4,0.00,0.00
2026-03-20T19:00,5.0,0.00,2.8,1021.0,0.00,0.00
2026-03-20T20:00,4.5,0.00,2.4,1020.5,0.00,0.00
2026-03-20T21:00,4.1,0.00,1.9,1020.0,0.00,0.00
2026-03-20T22:00,4.1,0.00,1.9,1020.3,0.00,0.00
2026-03-20T23:00,4.1,0.00,1.8,1020.0,0.00,0.00
2026-03-21T00:00,4.1,0.00,1.9,1020.5,0.00,0.00
2026-03-21T01:00,4.6,0.00,2.3,1020.2,0.00,0.00
2026-03-21T02:00,5.2,0.00,2.7,1020.8,0.00,0.00
2026-03-21T03:00,5.9,0.00,3.2,1020.4,0.00,0.00
2026-03-21T04:00,6.0,0.00,3.4,1021.0,0.00,0.00
2026-03-21T05:00,7.2,0.00,4.5,1020.5,0.00,0.00
2026-03-21T06:00,8.2,0.00,5.1,1020.6,0.00,0.00
2026-03-21T07:00,8.6,0.00,5.7,1020.2,0.00,0.00
2026-03-21T08:00,10.0,0.00,7.1,1019.8,0.00,0.00
2026-03-21T09:00,10.7,0.00,7.6,1018.9,0.00,0.00
2026-03-21T10:00,10.9,0.00,7.3,1019.5,0.00,0.00
2026-03-21T11:00,10.4,0.00,6.7,1019.2,0.00,0.00
2026-03-21T12:00,9.5,0.00,5.8,1019.8,0.00,0.00
2026-03-21T13:00,8.5,0.00,5.3,1020.9,0.00,0.00
2026-03-21T14:00,7.1,0.00,4.0,1021.0,0.00,0.00
2026-03-21T15:00,6.2,0.00,3.1,1021.3,0.00,0.00
2026-03-21T16:00,5.5,0.00,2.1,1021.5,0.00,0.00
2026-03-21T17:00,4.9,0.00,1.5,1021.3,0.00,0.00
2026-03-21T18:00,4.3,0.00,0.9,1021.0,0.00,0.00
2026-03-21T19:00,3.8,0.00,0.6,1021.5,0.00,0.00
2026-03-21T20:00,3.5,0.00,0.2,1021.5,0.00,0.00
2026-03-21T21:00,3.1,0.00,-0.1,1021.1,0.00,0.00
2026-03-21T22:00,2.5,0.00,-0.8,1022.1,0.00,0.00
2026-03-21T23:00,2.2,0.00,-1.1,1021.9,0.00,0.00
2026-03-22T00:00,1.9,0.00,-1.4,1022.0,0.00,0.00
2026-03-22T01:00,2.1,0.00,-1.3,1022.1,0.00,0.00
2026-03-22T02:00,3.2,0.00,-0.1,1021.9,0.00,0.00
2026-03-22T03:00,5.3,0.00,1.9,1021.5,0.00,0.00
2026-03-22T04:00,8.7,0.00,5.3,1021.1,0.00,0.00
2026-03-22T05:00,10.8,0.00,7.3,1020.9,0.00,0.00
2026-03-22T06:00,12.5,0.00,8.9,1020.4,0.00,0.00
2026-03-22T07:00,13.1,0.00,9.5,1020.2,0.00,0.00
2026-03-22T08:00,13.5,0.00,9.8,1019.0,0.00,0.00
2026-03-22T09:00,13.6,0.00,9.9,1018.1,0.00,0.00
2026-03-22T10:00,13.9,0.00,10.1,1017.7,0.00,0.00
2026-03-22T11:00,13.3,0.00,9.5,1017.4,0.00,0.00
2026-03-22T12:00,13.3,0.00,9.5,1017.1,0.00,0.00
2026-03-22T13:00,12.4,0.00,9.0,1017.3,0.00,0.00
2026-03-22T14:00,11.2,0.00,8.0,1017.6,0.00,0.00
2026-03-22T15:00,10.2,0.00,7.1,1017.5,0.00,0.00
2026-03-22T16:00,9.1,0.00,6.0,1017.8,0.00,0.00
2026-03-22T17:00,8.5,0.00,5.5,1017.4,0.00,0.00
2026-03-22T18:00,7.9,0.00,5.0,1017.4,0.00,0.00
2026-03-22T19:00,6.9,0.00,4.2,1017.4,0.00,0.00
2026-03-22T20:00,6.6,0.00,3.9,1016.8,0.00,0.00
2026-03-22T21:00,6.1,0.00,3.4,1016.8,0.00,0.00
2026-03-22T22:00,5.2,0.00,2.3,1016.7,0.00,0.00
2026-03-22T23:00,4.8,0.00,2.0,1017.0,0.00,0.00
2026-03-23T00:00,4.4,0.00,1.8,1017.3,0.00,0.00
2026-03-23T01:00,3.0,0.00,0.3,1017.2,0.00,0.00
2026-03-23T02:00,4.7,0.00,2.2,1017.9,0.00,0.00
2026-03-23T03:00,7.2,0.00,4.8,1018.5,0.00,0.00
2026-03-23T04:00,10.2,0.00,7.6,1017.9,0.00,0.00
2026-03-23T05:00,12.5,0.00,9.6,1018.2,0.00,0.00
2026-03-23T06:00,14.2,0.00,11.6,1018.7,0.00,0.00
2026-03-23T07:00,15.2,0.00,12.1,1018.8,0.00,0.00
2026-03-23T08:00,15.4,0.00,11.7,1018.2,0.00,0.00
2026-03-23T09:00,15.7,0.00,12.2,1017.7,0.00,0.00
2026-03-23T10:00,15.3,0.00,11.7,1016.9,0.00,0.00
2026-03-23T11:00,15.3,0.00,11.9,1017.5,0.00,0.00
2026-03-23T12:00,14.6,0.00,11.1,1017.8,0.00,0.00
2026-03-23T13:00,13.7,0.00,10.3,1018.9,0.00,0.00
2026-03-23T14:00,12.5,0.00,9.3,1019.4,0.00,0.00
2026-03-23T15:00,11.3,0.00,8.3,1020.0,0.00,0.00
2026-03-23T16:00,10.2,0.00,7.6,1019.5,0.00,0.00
2026-03-23T17:00,9.3,0.00,6.7,1019.5,0.00,0.00
2026-03-23T18:00,8.4,0.00,5.7,1019.4,0.00,0.00
2026-03-23T19:00,7.7,0.00,4.9,1019.0,0.00,0.00
2026-03-23T20:00,7.2,0.00,4.4,1019.7,0.00,0.00
2026-03-23T21:00,6.7,0.00,3.9,1019.3,0.00,0.00
2026-03-23T22:00,6.0,0.00,3.4,1019.4,0.00,0.00
2026-03-23T23:00,5.8,0.00,2.9,1019.2,0.00,0.00
2026-03-24T00:00,5.6,0.00,2.8,1019.4,0.00,0.00
2026-03-24T01:00,5.9,0.00,2.8,1018.8,0.00,0.00
2026-03-24T02:00,7.0,0.00,3.6,1018.5,0.00,0.00
2026-03-24T03:00,8.4,0.00,5.1,1018.9,0.00,0.00
2026-03-24T04:00,9.4,0.00,6.2,1019.0,0.00,0.00
2026-03-24T05:00,11.7,0.00,8.4,1018.2,0.00,0.00
2026-03-24T06:00,14.0,0.00,10.9,1017.5,0.00,0.00
2026-03-24T07:00,15.2,0.00,11.4,1016.5,0.00,0.00
2026-03-24T08:00,15.4,0.00,11.5,1015.9,0.00,0.00
2026-03-24T09:00,15.4,0.00,11.5,1015.0,0.00,0.00
2026-03-24T10:00,15.6,0.00,11.9,1013.6,0.00,0.00
2026-03-24T11:00,15.4,0.00,11.4,1013.2,0.00,0.00
2026-03-24T12:00,14.8,0.00,11.2,1012.6,0.00,0.00
2026-03-24T13:00,14.4,0.00,11.0,1011.6,0.00,0.00
2026-03-24T14:00,13.8,0.00,10.3,1010.6,0.00,0.00
2026-03-24T15:00,13.6,0.00,9.5,1010.5,0.00,0.00
2026-03-24T16:00,13.5,0.00,9.7,1009.8,0.00,0.00
2026-03-24T17:00,12.6,0.00,9.1,1008.3,0.00,0.00
2026-03-24T18:00,12.1,0.00,8.4,1007.2,0.00,0.00
2026-03-24T19:00,12.2,0.00,8.1,1005.5,0.00,0.00
2026-03-24T20:00,11.7,0.00,7.6,1004.5,0.00,0.00
2026-03-24T21:00,11.1,0.00,7.1,1003.4,0.00,0.00
2026-03-24T22:00,11.0,0.00,6.9,1002.0,0.00,0.00
2026-03-24T23:00,10.8,0.00,6.7,1000.6,0.00,0.00
2026-03-25T00:00,10.8,0.00,6.5,999.3,0.00,0.00
2026-03-25T01:00,11.4,0.00,6.9,997.3,0.00,0.00
2026-03-25T02:00,12.0,0.00,7.5,996.2,0.00,0.00
2026-03-25T03:00,12.6,0.00,8.0,995.7,0.00,0.00
2026-03-25T04:00,13.1,0.00,8.0,995.6,0.00,0.00
2026-03-25T05:00,12.7,0.10,7.8,995.4,0.00,0.10
2026-03-25T06:00,12.6,0.10,7.2,995.6,0.00,0.10
2026-03-25T07:00,12.6,0.00,7.5,994.9,0.00,0.00
2026-03-25T08:00,11.3,0.00,5.6,996.2,0.00,0.00
2026-03-25T09:00,11.3,0.00,6.4,997.0,0.00,0.00
2026-03-25T10:00,10.4,0.00,6.6,997.3,0.00,0.00
2026-03-25T11:00,10.4,0.00,6.4,998.0,0.00,0.00
2026-03-25T12:00,8.7,0.20,4.8,999.3,0.00,0.20
2026-03-25T13:00,7.7,0.10,4.0,999.8,0.00,0.20
2026-03-25T14:00,7.2,0.00,4.0,1000.9,0.00,0.00
2026-03-25T15:00,6.9,0.00,3.6,1001.8,0.00,0.00
2026-03-25T16:00,6.4,0.00,2.5,1002.2,0.00,0.00
2026-03-25T17:00,5.6,0.00,2.1,1003.1,0.00,0.00
2026-03-25T18:00,5.0,0.00,1.9,1003.9,0.00,0.00
2026-03-25T19:00,4.2,0.00,0.6,1004.6,0.00,0.00
2026-03-25T20:00,3.7,0.00,-0.1,1004.9,0.00,0.00
2026-03-25T21:00,3.4,0.00,-0.4,1005.3,0.00,0.00
2026-03-25T22:00,2.9,0.00,-1.0,1005.4,0.00,0.00
2026-03-25T23:00,2.5,0.00,-1.5,1005.8,0.00,0.00
2026-03-26T00:00,2.2,0.00,-1.7,1006.6,0.00,0.00
2026-03-26T01:00,2.7,0.00,-1.3,1006.9,0.00,0.00
2026-03-26T02:00,3.6,0.00,-0.4,1007.5,0.00,0.00
2026-03-26T03:00,5.1,0.00,0.5,1008.0,0.00,0.00
2026-03-26T04:00,5.9,0.00,1.3,1008.5,0.00,0.00
2026-03-26T05:00,7.1,0.00,2.2,1008.8,0.00,0.00
2026-03-26T06:00,7.5,0.00,3.0,1009.4,0.00,0.00
2026-03-26T07:00,7.1,0.10,3.0,1009.7,0.00,0.10
2026-03-26T08:00,7.6,0.00,3.3,1009.7,0.00,0.00
2026-03-26T09:00,8.0,0.00,3.7,1009.9,0.00,0.00
2026-03-26T10:00,5.8,0.70,2.1,1011.0,0.00,0.70
2026-03-26T11:00,6.9,0.00,2.5,1011.1,0.00,0.00
2026-03-26T12:00,6.6,0.00,2.3,1012.1,0.00,0.00
2026-03-26T13:00,5.8,0.00,2.5,1012.9,0.00,0.00
2026-03-26T14:00,5.3,0.00,2.1,1013.7,0.00,0.00
2026-03-26T15:00,4.6,0.00,0.6,1014.8,0.00,0.00
2026-03-26T16:00,3.5,0.00,-0.6,1015.9,0.00,0.00
2026-03-26T17:00,2.7,0.00,-1.8,1016.3,0.00,0.00
2026-03-26T18:00,2.0,0.00,-1.6,1016.9,0.00,0.00
2026-03-26T19:00,1.4,0.00,-2.2,1017.5,0.00,0.00
2026-03-26T20:00,0.8,0.00,-2.8,1017.9,0.00,0.00
2026-03-26T21:00,0.5,0.00,-3.6,1018.4,0.00,0.00
2026-03-26T22:00,-0.1,0.00,-3.7,1019.0,0.00,0.00
2026-03-26T23:00,-0.5,0.00,-4.1,1019.1,0.00,0.00
2026-03-27T00:00,-0.6,0.00,-4.0,1019.5,0.00,0.00
2026-03-27T01:00,-0.5,0.00,-4.0,1019.6,0.00,0.00
2026-03-27T02:00,0.6,0.00,-3.1,1021.1,0.00,0.00
2026-03-27T03:00,1.7,0.00,-2.0,1021.4,0.00,0.00
2026-03-27T04:00,3.6,0.00,0.1,1022.3,0.00,0.00
2026-03-27T05:00,5.3,0.00,1.7,1022.7,0.00,0.00
2026-03-27T06:00,6.4,0.00,2.5,1022.0,0.00,0.00
2026-03-27T07:00,6.9,0.00,3.0,1021.3,0.00,0.00
2026-03-27T08:00,7.4,0.00,3.5,1021.2,0.00,0.00
2026-03-27T09:00,7.7,0.00,4.1,1021.0,0.00,0.00
2026-03-27T10:00,8.2,0.00,4.7,1020.4,0.00,0.00
2026-03-27T11:00,8.4,0.00,5.0,1020.7,0.00,0.00
2026-03-27T12:00,8.1,0.00,3.9,1020.5,0.00,0.00
2026-03-27T13:00,7.6,0.00,4.4,1020.6,0.00,0.00
2026-03-27T14:00,7.3,0.00,4.2,1020.6,0.00,0.00
2026-03-27T15:00,6.8,0.00,3.4,1021.1,0.00,0.00
2026-03-27T16:00,5.4,0.00,1.9,1021.7,0.00,0.00
2026-03-27T17:00,4.5,0.00,1.3,1021.6,0.00,0.00
2026-03-27T18:00,3.8,0.00,0.6,1021.1,0.00,0.00
2026-03-27T19:00,2.7,0.00,-0.5,1020.7,0.00,0.00
2026-03-27T20:00,2.3,0.00,-1.0,1020.8,0.00,0.00
2026-03-27T21:00,1.8,0.00,-1.6,1020.5,0.00,0.00
2026-03-27T22:00,0.9,0.00,-2.6,1020.1,0.00,0.00
2026-03-27T23:00,0.9,0.00,-2.7,1019.6,0.00,0.00
2026-03-28T00:00,0.8,0.00,-3.0,1019.6,0.00,0.00
2026-03-28T01:00,0.9,0.00,-3.2,1018.5,0.00,0.00
2026-03-28T02:00,1.7,0.00,-2.4,1018.6,0.00,0.00
2026-03-28T03:00,3.5,0.00,-0.8,1018.2,0.00,0.00
2026-03-28T04:00,7.1,0.00,2.6,1018.1,0.00,0.00
2026-03-28T05:00,8.8,0.00,4.3,1017.0,0.00,0.00
2026-03-28T06:00,9.9,0.00,5.6,1016.8,0.00,0.00
2026-03-28T07:00,10.9,0.00,6.4,1016.1,0.00,0.00
2026-03-28T08:00,11.2,0.00,6.8,1015.5,0.00,0.00
2026-03-28T09:00,10.5,0.00,6.4,1015.5,0.00,0.00
2026-03-28T10:00,9.0,0.00,5.0,1016.5,0.00,0.00
2026-03-28T11:00,7.8,0.00,4.3,1016.5,0.00,0.00
2026-03-28T12:00,6.6,0.00,2.9,1017.0,0.00,0.00
2026-03-28T13:00,5.9,0.40,2.8,1017.6,0.00,0.40
2026-03-28T14:00,5.3,0.50,2.0,1018.2,0.00,0.50
2026-03-28T15:00,5.1,0.30,2.1,1018.9,0.00,0.30
2026-03-28T16:00,4.9,0.30,1.5,1018.8,0.00,0.30
2026-03-28T17:00,5.0,0.20,2.0,1019.7,0.00,0.20
2026-03-28T18:00,4.9,0.30,1.9,1020.4,0.00,0.30
2026-03-28T19:00,4.7,0.40,1.9,1020.7,0.00,0.40
2026-03-28T20:00,4.6,0.10,1.9,1021.4,0.00,0.10
2026-03-28T21:00,4.6,0.10,2.0,1021.6,0.00,0.10
2026-03-28T22:00,4.5,0.00,1.7,1021.8,0.00,0.00
2026-03-28T23:00,4.4,0.00,1.3,1022.8,0.00,0.00
2026-03-29T00:00,3.8,0.00,0.5,1023.4,0.00,0.00
2026-03-29T01:00,3.2,0.00,-0.1,1024.6,0.00,0.00
2026-03-29T02:00,3.6,0.00,0.2,1024.3,0.00,0.00
2026-03-29T03:00,4.9,0.00,1.8,1025.1,0.00,0.00
2026-03-29T04:00,6.6,0.00,3.2,1025.2,0.00,0.00
2026-03-29T05:00,7.6,0.00,3.7,1025.9,0.00,0.00
2026-03-29T06:00,8.6,0.00,4.6,1025.4,0.00,0.00
2026-03-29T07:00,9.0,0.00,5.0,1024.4,0.00,0.00
2026-03-29T08:00,9.3,0.00,5.1,1024.2,0.00,0.00
2026-03-29T09:00,9.4,0.00,5.1,1024.2,0.00,0.00
2026-03-29T10:00,8.8,0.00,4.8,1023.6,0.00,0.00
2026-03-29T11:00,8.5,0.00,4.5,1023.4,0.00,0.00
2026-03-29T12:00,8.0,0.00,4.4,1023.4,0.00,0.00
2026-03-29T13:00,6.9,0.00,3.4,1022.5,0.00,0.00
2026-03-29T14:00,6.3,0.00,3.0,1022.6,0.00,0.00
2026-03-29T15:00,5.8,0.00,2.4,1021.7,0.00,0.00
2026-03-29T16:00,5.2,0.00,1.4,1021.5,0.00,0.00
2026-03-29T17:00,4.8,0.00,0.9,1019.8,0.00,0.00
2026-03-29T18:00,4.7,0.00,0.7,1018.9,0.00,0.00
2026-03-29T19:00,5.0,0.00,0.9,1018.1,0.00,0.00
2026-03-29T20:00,4.9,0.00,0.7,1015.7,0.00,0.00
2026-03-29T21:00,4.7,0.00,0.5,1014.5,0.00,0.00
2026-03-29T22:00,5.1,0.10,0.9,1012.0,0.00,0.10
2026-03-29T23:00,4.8,0.50,0.0,1011.3,0.00,0.50
2026-03-30T00:00,4.8,0.30,0.3,1010.6,0.00,0.30
2026-03-30T01:00,5.0,0.00,0.7,1010.0,0.00,0.00
2026-03-30T02:00,5.5,0.20,1.5,1009.4,0.00,0.20
2026-03-30T03:00,5.7,0.60,1.7,1009.1,0.00,0.60
2026-03-30T04:00,5.8,0.50,2.2,1009.2,0.00,0.50
2026-03-30T05:00,6.3,0.40,2.5,1009.5,0.00,0.40
2026-03-30T06:00,6.8,0.30,3.2,1010.0,0.00,0.30
2026-03-30T07:00,7.3,0.20,4.4,1010.0,0.00,0.20
2026-03-30T08:00,7.5,0.10,4.5,1010.4,0.00,0.10
2026-03-30T09:00,8.6,0.00,5.4,1010.7,0.00,0.00
2026-03-30T10:00,6.5,2.40,2.7,1012.2,0.00,2.50
2026-03-30T11:00,7.0,0.10,3.9,1012.7,0.00,0.10
2026-03-30T12:00,7.0,0.00,4.3,1013.0,0.00,0.00
2026-03-30T13:00,6.8,0.00,4.3,1013.6,0.00,0.00
2026-03-30T14:00,5.9,0.10,2.7,1014.6,0.00,0.10
2026-03-30T15:00,5.6,0.00,2.5,1015.4,0.00,0.00
2026-03-30T16:00,4.5,0.00,1.4,1016.4,0.00,0.00
2026-03-30T17:00,3.9,0.00,0.9,1017.4,0.00,0.00
2026-03-30T18:00,3.5,0.00,0.5,1018.0,0.00,0.00
2026-03-30T19:00,3.9,0.00,0.7,1018.1,0.00,0.00
2026-03-30T20:00,4.0,0.00,0.8,1018.4,0.00,0.00
2026-03-30T21:00,3.7,0.00,0.4,1018.8,0.00,0.00
2026-03-30T22:00,4.1,0.00,0.6,1019.1,0.00,0.00
2026-03-30T23:00,3.8,0.00,0.3,1019.7,0.00,0.00
2026-03-31T00:00,3.3,0.00,-0.2,1020.3,0.00,0.00
2026-03-31T01:00,3.5,0.00,0.3,1020.1,0.00,0.00
2026-03-31T02:00,4.5,0.00,0.6,1021.1,0.00,0.00
2026-03-31T03:00,5.7,0.00,2.2,1021.5,0.00,0.00
2026-03-31T04:00,6.6,0.00,3.0,1021.2,0.00,0.00
2026-03-31T05:00,7.7,0.00,3.9,1022.2,0.00,0.00
2026-03-31T06:00,8.8,0.00,4.8,1021.9,0.00,0.00
2026-03-31T07:00,8.7,0.00,4.9,1022.3,0.00,0.00
2026-03-31T08:00,9.1,0.10,5.2,1021.7,0.00,0.10
2026-03-31T09:00,9.9,0.20,5.9,1021.4,0.00,0.20
2026-03-31T10:00,9.7,0.10,5.7,1021.0,0.00,0.20
2026-03-31T11:00,8.0,0.70,4.6,1021.9,0.00,0.70
2026-03-31T12:00,7.4,0.10,4.3,1021.9,0.00,0.10
2026-03-31T13:00,6.7,0.00,3.7,1022.3,0.00,0.00
2026-03-31T14:00,6.5,0.10,3.8,1023.6,0.00,0.10
2026-03-31T15:00,5.9,0.00,3.4,1024.1,0.00,0.00
2026-03-31T16:00,5.1,0.00,2.9,1023.8,0.00,0.00
2026-03-31T17:00,5.1,0.20,2.7,1023.9,0.00,0.40
2026-03-31T18:00,4.9,0.00,2.5,1024.9,0.00,0.00
2026-03-31T19:00,3.8,0.00,1.5,1024.8,0.00,0.00
2026-03-31T20:00,3.4,0.00,1.1,1024.7,0.00,0.00
2026-03-31T21:00,2.9,0.00,0.6,1025.3,0.00,0.00
2026-03-31T22:00,1.4,0.00,-1.1,1025.5,0.00,0.00
2026-03-31T23:00,0.5,0.00,-1.9,1025.4,0.00,0.00
2026-04-01T00:00,0.4,0.00,-1.9,1026.1,0.00,0.00
2026-04-01T01:00,1.4,0.00,-0.7,1026.5,0.00,0.00
2026-04-01T02:00,2.2,0.00,0.0,1027.4,0.00,0.00
2026-04-01T03:00,4.0,0.00,2.0,1027.3,0.00,0.00
2026-04-01T04:00,5.9,0.00,3.9,1027.4,0.00,0.00
2026-04-01T05:00,8.0,0.00,6.3,1026.3,0.00,0.00
2026-04-01T06:00,9.4,0.00,7.6,1026.1,0.00,0.00
2026-04-01T07:00,10.7,0.00,8.6,1025.6,0.00,0.00
2026-04-01T08:00,10.8,0.00,7.9,1024.9,0.00,0.00
2026-04-01T09:00,10.8,0.00,7.9,1024.5,0.00,0.00
2026-04-01T10:00,11.4,0.00,8.5,1024.1,0.00,0.00
2026-04-01T11:00,10.9,0.00,8.0,1022.9,0.00,0.00
2026-04-01T12:00,10.1,0.00,7.1,1022.9,0.00,0.00
2026-04-01T13:00,9.1,0.00,6.3,1023.0,0.00,0.00
2026-04-01T14:00,8.1,0.00,5.6,1022.5,0.00,0.00
2026-04-01T15:00,7.3,0.00,4.9,1022.6,0.00,0.00
2026-04-01T16:00,6.0,0.00,3.8,1022.3,0.00,0.00
2026-04-01T17:00,5.4,0.00,3.2,1022.0,0.00,0.00
2026-04-01T18:00,4.9,0.00,2.8,1021.6,0.00,0.00
2026-04-01T19:00,4.2,0.00,2.1,1021.4,0.00,0.00
2026-04-01T20:00,3.8,0.00,1.6,1020.5,0.00,0.00
2026-04-01T21:00,3.3,0.00,1.1,1020.0,0.00,0.00
2026-04-01T22:00,2.5,0.00,0.4,1019.5,0.00,0.00
2026-04-01T23:00,1.1,0.00,-1.1,1018.8,0.00,0.00
2026-04-02T00:00,0.3,0.00,-2.2,1018.4,0.00,0.00
2026-04-02T01:00,1.6,0.00,-1.1,1017.8,0.00,0.00
2026-04-02T02:00,3.4,0.00,0.7,1017.8,0.00,0.00
2026-04-02T03:00,5.2,0.00,2.4,1018.1,0.00,0.00
2026-04-02T04:00,7.3,0.00,4.4,1017.8,0.00,0.00
2026-04-02T05:00,9.0,0.00,5.8,1017.0,0.00,0.00
2026-04-02T06:00,10.4,0.00,7.5,1016.1,0.00,0.00
2026-04-02T07:00,11.4,0.00,8.9,1015.8,0.00,0.00
2026-04-02T08:00,12.1,0.00,9.3,1014.9,0.00,0.00
2026-04-02T09:00,12.3,0.00,9.0,1014.4,0.00,0.00
2026-04-02T10:00,12.9,0.00,9.2,1013.6,0.00,0.00
2026-04-02T11:00,12.7,0.00,9.2,1013.0,0.00,0.00
2026-04-02T12:00,12.3,0.00,9.0,1013.3,0.00,0.00
2026-04-02T13:00,11.8,0.00,8.9,1013.6,0.00,0.00
2026-04-02T14:00,10.9,0.00,8.5,1014.1,0.00,0.00
2026-04-02T15:00,10.1,0.00,7.6,1014.3,0.00,0.00
2026-04-02T16:00,9.5,0.00,6.8,1013.7,0.00,0.00
2026-04-02T17:00,9.1,0.00,6.2,1013.8,0.00,0.00
2026-04-02T18:00,8.8,0.00,5.6,1013.8,0.00,0.00
2026-04-02T19:00,8.7,0.00,5.8,1014.0,0.00,0.00
2026-04-02T20:00,8.3,0.00,5.5,1013.9,0.00,0.00
2026-04-02T21:00,7.9,0.00,4.8,1014.3,0.00,0.00
2026-04-02T22:00,7.7,0.10,4.3,1014.2,0.00,0.10
2026-04-02T23:00,7.3,0.00,4.0,1015.2,0.00,0.00
2026-04-03T00:00,6.1,0.00,2.5,1015.5,0.00,0.00
2026-04-03T01:00,5.3,0.00,1.2,1015.9,0.00,0.00
2026-04-03T02:00,5.3,0.00,1.3,1016.9,0.00,0.00
2026-04-03T03:00,5.8,0.00,2.0,1016.9,0.00,0.00
2026-04-03T04:00,7.1,0.00,3.2,1016.9,0.00,0.00
2026-04-03T05:00,8.1,0.00,4.0,1016.9,0.00,0.00
2026-04-03T06:00,8.7,0.00,4.3,1016.7,0.00,0.00
2026-04-03T07:00,8.2,0.00,3.8,1016.8,0.00,0.00
2026-04-03T08:00,8.7,0.00,4.6,1016.3,0.00,0.00
2026-04-03T09:00,8.7,0.00,4.6,1015.8,0.00,0.00
2026-04-03T10:00,9.5,0.00,5.5,1015.0,0.00,0.00
2026-04-03T11:00,9.8,0.00,5.8,1014.1,0.00,0.00
2026-04-03T12:00,9.8,0.00,6.3,1013.8,0.00,0.00
2026-04-03T13:00,9.7,0.00,6.4,1014.1,0.00,0.00
2026-04-03T14:00,9.5,0.00,6.5,1013.9,0.00,0.00
2026-04-03T15:00,8.9,0.00,6.0,1013.8,0.00,0.00
2026-04-03T16:00,8.4,0.00,5.4,1013.2,0.00,0.00
2026-04-03T17:00,8.1,0.00,5.0,1012.4,0.00,0.00
2026-04-03T18:00,8.3,0.00,5.3,1012.3,0.00,0.00
2026-04-03T19:00,9.6,0.00,6.4,1011.4,0.00,0.00
2026-04-03T20:00,10.0,0.00,6.7,1011.5,0.00,0.00
2026-04-03T21:00,9.9,0.70,6.5,1011.2,0.00,0.70
2026-04-03T22:00,10.1,0.20,7.0,1010.9,0.00,0.20
2026-04-03T23:00,10.1,0.00,6.9,1010.9,0.00,0.00
2026-04-04T00:00,10.1,0.00,7.1,1011.7,0.00,0.00
2026-04-04T01:00,10.5,0.20,7.9,1012.6,0.00,0.20
2026-04-04T02:00,11.0,0.00,8.3,1012.7,0.00,0.00
2026-04-04T03:00,11.8,0.00,8.4,1013.7,0.00,0.00
2026-04-04T04:00,13.0,0.00,9.1,1014.0,0.00,0.00
2026-04-04T05:00,13.4,0.00,8.9,1015.4,0.00,0.00
2026-04-04T06:00,13.9,0.00,9.1,1016.5,0.00,0.00
2026-04-04T07:00,14.3,0.00,9.4,1016.7,0.00,0.00
2026-04-04T08:00,14.8,0.00,10.2,1016.4,0.00,0.00
2026-04-04T09:00,14.8,0.00,9.9,1016.8,0.00,0.00
2026-04-04T10:00,14.8,0.00,9.5,1017.0,0.00,0.00
2026-04-04T11:00,14.5,0.00,9.8,1017.4,0.00,0.00
2026-04-04T12:00,14.0,0.00,9.7,1017.8,0.00,0.00
2026-04-04T13:00,13.3,0.00,9.6,1017.7,0.00,0.00
2026-04-04T14:00,12.3,0.00,9.2,1017.9,0.00,0.00
2026-04-04T15:00,11.3,0.00,8.5,1018.2,0.00,0.00
2026-04-04T16:00,10.2,0.00,7.4,1018.1,0.00,0.00
2026-04-04T17:00,9.6,0.00,6.7,1018.1,0.00,0.00
2026-04-04T18:00,9.3,0.00,6.4,1017.9,0.00,0.00
2026-04-04T19:00,9.5,0.00,6.4,1016.8,0.00,0.00
2026-04-04T20:00,8.8,0.00,6.0,1015.5,0.00,0.00
2026-04-04T21:00,8.8,0.00,6.0,1015.3,0.00,0.00
2026-04-04T22:00,9.1,0.00,6.3,1013.8,0.00,0.00
2026-04-04T23:00,9.3,0.00,6.6,1014.0,0.00,0.00
2026-04-05T00:00,9.5,0.00,7.0,1013.1,0.00,0.00
2026-04-05T01:00,10.3,0.00,7.6,1011.9,0.00,0.00
2026-04-05T02:00,11.7,0.00,8.9,1011.2,0.00,0.00
2026-04-05T03:00,13.8,0.00,10.6,1011.0,0.00,0.00
2026-04-05T04:00,16.3,0.00,12.8,1011.6,0.00,0.00
2026-04-05T05:00,17.3,0.00,13.1,1011.1,0.00,0.00
2026-04-05T06:00,17.3,0.00,13.0,1011.3,0.00,0.00
2026-04-05T07:00,17.2,0.00,12.8,1011.1,0.00,0.00
2026-04-05T08:00,16.8,0.00,13.2,1010.9,0.00,0.10
2026-04-05T09:00,15.9,0.10,11.5,1011.9,0.00,0.10
2026-04-05T10:00,14.6,0.20,11.1,1012.5,0.00,0.20
2026-04-05T11:00,14.2,0.10,10.5,1013.1,0.00,0.10
2026-04-05T12:00,12.8,0.80,8.6,1013.7,0.00,0.80
2026-04-05T13:00,11.8,0.00,7.2,1015.2,0.00,0.00
2026-04-05T14:00,11.0,0.00,6.9,1014.9,0.00,0.00
2026-04-05T15:00,10.5,0.00,6.6,1015.4,0.00,0.00
2026-04-05T16:00,10.3,0.00,6.4,1016.3,0.00,0.00
2026-04-05T17:00,9.5,0.50,5.3,1017.2,0.00,0.50
2026-04-05T18:00,9.1,0.40,5.0,1017.9,0.00,0.40
2026-04-05T19:00,8.3,0.00,4.1,1019.0,0.00,0.00
2026-04-05T20:00,7.6,0.00,3.5,1019.4,0.00,0.00
2026-04-05T21:00,6.9,0.00,2.7,1019.7,0.00,0.00
2026-04-05T22:00,6.7,0.00,2.2,1020.5,0.00,0.00
2026-04-05T23:00,6.3,0.00,1.7,1020.7,0.00,0.00
2026-04-06T00:00,6.0,0.00,1.4,1021.6,0.00,0.00
2026-04-06T01:00,6.2,0.00,1.5,1022.1,0.00,0.00
2026-04-06T02:00,6.8,0.00,1.8,1022.8,0.00,0.00
2026-04-06T03:00,8.1,0.00,2.5,1023.4,0.00,0.00
2026-04-06T04:00,9.3,0.00,3.8,1024.4,0.00,0.00
2026-04-06T05:00,10.5,0.00,4.8,1024.3,0.00,0.00
2026-04-06T06:00,11.5,0.00,5.7,1024.1,0.00,0.00
2026-04-06T07:00,12.3,0.00,6.7,1023.8,0.00,0.00
2026-04-06T08:00,12.6,0.00,7.0,1023.1,0.00,0.00
2026-04-06T09:00,12.7,0.00,6.6,1023.1,0.00,0.00
2026-04-06T10:00,12.9,0.00,6.4,1024.0,0.00,0.00
2026-04-06T11:00,12.5,0.00,6.6,1023.4,0.00,0.00
2026-04-06T12:00,11.9,0.00,6.5,1023.7,0.00,0.00
2026-04-06T13:00,11.1,0.00,6.1,1024.2,0.00,0.00
2026-04-06T14:00,9.9,0.00,4.7,1025.0,0.00,0.00
2026-04-06T15:00,8.9,0.00,3.7,1025.5,0.00,0.00
2026-04-06T16:00,7.9,0.00,2.8,1024.8,0.00,0.00
2026-04-06T17:00,6.9,0.00,2.0,1025.2,0.00,0.00
2026-04-06T18:00,5.9,0.00,1.3,1025.6,0.00,0.00
2026-04-06T19:00,5.0,0.00,0.6,1025.8,0.00,0.00
2026-04-06T20:00,4.3,0.00,0.3,1025.6,0.00,0.00
2026-04-06T21:00,3.7,0.00,-0.3,1025.7,0.00,0.00
2026-04-06T22:00,3.2,0.00,-0.7,1025.1,0.00,0.00
2026-04-06T23:00,2.8,0.00,-1.1,1025.5,0.00,0.00
2026-04-07T00:00,2.4,0.00,-1.6,1025.9,0.00,0.00
2026-04-07T01:00,2.9,0.00,-1.1,1025.8,0.00,0.00
2026-04-07T02:00,3.8,0.00,-0.3,1026.1,0.00,0.00
2026-04-07T03:00,5.2,0.00,1.0,1025.8,0.00,0.00
2026-04-07T04:00,6.3,0.00,1.7,1026.5,0.00,0.00
2026-04-07T05:00,7.6,0.00,3.5,1026.5,0.00,0.00
2026-04-07T06:00,9.4,0.00,5.5,1026.6,0.00,0.00
2026-04-07T07:00,10.9,0.00,7.3,1025.7,0.00,0.00
2026-04-07T08:00,12.5,0.00,8.7,1025.5,0.00,0.00
2026-04-07T09:00,13.1,0.00,8.3,1025.7,0.00,0.00
2026-04-07T10:00,13.3,0.00,8.8,1025.5,0.00,0.00
2026-04-07T11:00,13.0,0.00,8.1,1025.9,0.00,0.00
2026-04-07T12:00,12.3,0.00,7.9,1026.2,0.00,0.00
2026-04-07T13:00,11.3,0.00,6.6,1026.4,0.00,0.00
2026-04-07T14:00,9.8,0.00,5.1,1027.3,0.00,0.00
2026-04-07T15:00,8.3,0.00,4.3,1028.1,0.00,0.00
2026-04-07T16:00,7.1,0.00,3.5,1028.5,0.00,0.00
2026-04-07T17:00,6.3,0.00,3.0,1029.0,0.00,0.00
2026-04-07T18:00,5.6,0.00,2.4,1029.3,0.00,0.00
2026-04-07T19:00,4.5,0.00,1.2,1029.6,0.00,0.00
2026-04-07T20:00,4.0,0.00,0.6,1029.6,0.00,0.00
2026-04-07T21:00,3.5,0.00,0.5,1029.9,0.00,0.00
2026-04-07T22:00,2.4,0.00,-0.9,1030.2,0.00,0.00
2026-04-07T23:00,2.0,0.00,-1.2,1029.8,0.00,0.00
2026-04-08T00:00,1.9,0.00,-1.3,1030.3,0.00,0.00
2026-04-08T01:00,2.3,0.00,-1.0,1030.3,0.00,0.00
2026-04-08T02:00,3.9,0.00,0.9,1030.0,0.00,0.00
2026-04-08T03:00,6.2,0.00,3.2,1030.4,0.00,0.00
2026-04-08T04:00,9.2,0.00,6.2,1029.9,0.00,0.00
2026-04-08T05:00,10.8,0.00,8.2,1029.4,0.00,0.00
2026-04-08T06:00,12.0,0.00,9.5,1029.4,0.00,0.00
2026-04-08T07:00,13.0,0.00,10.4,1028.2,0.00,0.00
2026-04-08T08:00,13.5,0.00,10.2,1028.1,0.00,0.00
2026-04-08T09:00,13.6,0.00,9.8,1027.3,0.00,0.00
2026-04-08T10:00,14.4,0.00,10.2,1027.0,0.00,0.00
2026-04-08T11:00,13.3,0.00,8.8,1026.9,0.00,0.00
2026-04-08T12:00,12.2,0.00,7.9,1027.5,0.00,0.00
2026-04-08T13:00,11.4,0.00,7.3,1027.2,0.00,0.00
2026-04-08T14:00,9.7,0.00,5.2,1028.1,0.00,0.00
2026-04-08T15:00,7.9,0.00,4.0,1028.3,0.00,0.00
2026-04-08T16:00,7.0,0.00,3.5,1028.5,0.00,0.00
2026-04-08T17:00,6.0,0.00,2.4,1028.2,0.00,0.00
2026-04-08T18:00,4.9,0.00,1.4,1028.7,0.00,0.00
2026-04-08T19:00,4.3,0.00,1.0,1028.7,0.00,0.00
2026-04-08T20:00,3.8,0.00,0.4,1028.4,0.00,0.00
2026-04-08T21:00,3.1,0.00,-0.3,1028.1,0.00,0.00
2026-04-08T22:00,2.3,0.00,-1.1,1027.7,0.00,0.00
2026-04-08T23:00,1.8,0.00,-1.7,1027.8,0.00,0.00
2026-04-09T00:00,1.3,0.00,-2.1,1028.0,0.00,0.00
2026-04-09T01:00,0.6,0.00,-2.7,1027.8,0.00,0.00
2026-04-09T02:00,0.5,0.00,-3.2,1027.1,0.00,0.00
2026-04-09T03:00,1.9,0.00,-1.9,1027.1,0.00,0.00
2026-04-09T04:00,4.0,0.00,0.6,1026.7,0.00,0.00
2026-04-09T05:00,6.1,0.00,3.2,1026.5,0.00,0.00
2026-04-09T06:00,8.4,0.00,5.2,1025.4,0.00,0.00
2026-04-09T07:00,9.5,0.00,6.5,1024.7,0.00,0.00
2026-04-09T08:00,10.4,0.00,6.9,1023.5,0.00,0.00
2026-04-09T09:00,10.9,0.00,6.9,1022.6,0.00,0.00
2026-04-09T10:00,11.3,0.00,6.8,1022.1,0.00,0.00
2026-04-09T11:00,11.2,0.00,6.9,1021.5,0.00,0.00
2026-04-09T12:00,10.6,0.00,6.0,1021.4,0.00,0.00
2026-04-09T13:00,9.9,0.00,5.4,1021.5,0.00,0.00
2026-04-09T14:00,9.0,0.00,4.9,1020.5,0.00,0.00
2026-04-09T15:00,7.8,0.00,3.9,1020.8,0.00,0.00
2026-04-09T16:00,6.5,0.00,2.7,1020.7,0.00,0.00
2026-04-09T17:00,5.4,0.00,1.6,1020.0,0.00,0.00
2026-04-09T18:00,4.7,0.00,0.8,1020.0,0.00,0.00
2026-04-09T19:00,3.7,0.00,-0.4,1020.0,0.00,0.00
2026-04-09T20:00,2.8,0.00,-1.1,1018.9,0.00,0.00
2026-04-09T21:00,2.5,0.00,-1.2,1018.6,0.00,0.00
2026-04-09T22:00,2.3,0.00,-1.9,1018.2,0.00,0.00
2026-04-09T23:00,1.8,0.00,-2.2,1017.9,0.00,0.00
2026-04-10T00:00,1.7,0.00,-2.7,1017.1,0.00,0.00
2026-04-10T01:00,2.4,0.00,-1.8,1018.0,0.00,0.00
2026-04-10T02:00,3.2,0.00,-1.2,1017.3,0.00,0.00
2026-04-10T03:00,4.1,0.00,-0.2,1018.4,0.00,0.00
2026-04-10T04:00,5.0,0.00,0.9,1017.6,0.00,0.00
2026-04-10T05:00,6.2,0.00,1.9,1017.3,0.00,0.00
2026-04-10T06:00,6.8,0.00,2.8,1017.5,0.00,0.00
2026-04-10T07:00,7.1,0.00,3.6,1018.0,0.00,0.00
2026-04-10T08:00,7.9,0.00,5.0,1017.5,0.00,0.00
2026-04-10T09:00,8.4,0.00,5.4,1017.6,0.00,0.00
2026-04-10T10:00,8.5,0.00,5.0,1017.8,0.00,0.00
2026-04-10T11:00,8.0,0.00,4.2,1018.2,0.00,0.00
2026-04-10T12:00,7.8,0.00,4.9,1018.2,0.00,0.00
2026-04-10T13:00,7.6,0.00,4.8,1018.5,0.00,0.00
2026-04-10T14:00,7.3,0.00,4.4,1019.4,0.00,0.00
2026-04-10T15:00,6.8,0.00,3.9,1019.3,0.00,0.00
2026-04-10T16:00,5.5,0.00,2.5,1020.2,0.00,0.00
2026-04-10T17:00,4.7,0.00,2.0,1019.6,0.00,0.00
2026-04-10T18:00,4.0,0.00,1.3,1020.0,0.00,0.00
2026-04-10T19:00,3.1,0.00,0.5,1020.5,0.00,0.00
2026-04-10T20:00,2.8,0.00,0.4,1019.6,0.00,0.00
2026-04-10T21:00,2.4,0.00,-0.3,1019.4,0.00,0.00
2026-04-10T22:00,1.7,0.00,-1.2,1019.8,0.00,0.00
2026-04-10T23:00,1.1,0.00,-1.5,1019.9,0.00,0.00
2026-04-11T00:00,0.7,0.00,-2.1,1020.3,0.00,0.00
2026-04-11T01:00,1.6,0.00,-1.2,1019.9,0.00,0.00
2026-04-11T02:00,3.3,0.00,0.3,1020.4,0.00,0.00
2026-04-11T03:00,5.3,0.00,2.4,1020.7,0.00,0.00
2026-04-11T04:00,8.2,0.00,5.2,1020.0,0.00,0.00
2026-04-11T05:00,9.8,0.00,7.3,1019.8,0.00,0.00
2026-04-11T06:00,11.1,0.00,8.7,1019.3,0.00,0.00
2026-04-11T07:00,12.5,0.00,10.2,1018.2,0.00,0.00
2026-04-11T08:00,13.1,0.00,9.9,1017.7,0.00,0.00
2026-04-11T09:00,13.5,0.00,9.3,1017.2,0.00,0.00
2026-04-11T10:00,13.7,0.00,9.4,1017.0,0.00,0.00
2026-04-11T11:00,14.0,0.00,9.4,1016.5,0.00,0.00
2026-04-11T12:00,13.2,0.00,8.3,1016.3,0.00,0.00
2026-04-11T13:00,12.5,0.00,8.0,1016.2,0.00,0.00
2026-04-11T14:00,11.0,0.00,6.9,1015.9,0.00,0.00
2026-04-11T15:00,9.6,0.00,5.4,1016.5,0.00,0.00
2026-04-11T16:00,9.0,0.00,4.2,1016.2,0.00,0.00
2026-04-11T17:00,8.2,0.00,3.7,1016.0,0.00,0.00
2026-04-11T18:00,7.8,0.00,3.0,1015.6,0.00,0.00
2026-04-11T19:00,7.9,0.00,3.0,1015.5,0.00,0.00
2026-04-11T20:00,7.1,0.00,2.2,1015.4,0.00,0.00
2026-04-11T21:00,6.7,0.00,1.6,1015.0,0.00,0.00
2026-04-11T22:00,7.2,0.00,2.2,1014.5,0.00,0.00
2026-04-11T23:00,7.1,0.00,2.4,1014.8,0.00,0.00
2026-04-12T00:00,7.0,0.00,2.6,1015.2,0.00,0.00
2026-04-12T01:00,7.9,0.00,3.4,1015.0,0.00,0.00
2026-04-12T02:00,8.2,0.00,3.7,1015.8,0.00,0.00
2026-04-12T03:00,8.6,0.00,4.5,1016.1,0.00,0.00
2026-04-12T04:00,9.1,0.20,5.3,1016.1,0.00,0.20
2026-04-12T05:00,8.8,0.40,5.5,1016.3,0.00,0.40
2026-04-12T06:00,8.7,0.20,5.7,1016.4,0.00,0.20
2026-04-12T07:00,8.9,0.20,6.2,1016.6,0.00,0.20
2026-04-12T08:00,9.3,0.00,6.8,1017.0,0.00,0.00
2026-04-12T09:00,9.1,0.20,7.0,1016.8,0.00,0.20
2026-04-12T10:00,9.1,0.00,7.4,1016.8,0.00,0.00
2026-04-12T11:00,9.1,0.00,7.3,1016.8,0.00,0.00
2026-04-12T12:00,9.1,0.00,7.4,1017.0,0.00,0.00
2026-04-12T13:00,9.4,0.00,7.6,1017.1,0.00,0.00
2026-04-12T14:00,9.2,0.00,7.6,1017.5,0.00,0.00
2026-04-12T15:00,9.1,0.00,7.6,1017.0,0.00,0.00
2026-04-12T16:00,9.0,0.00,7.7,1017.6,0.00,0.00
2026-04-12T17:00,9.0,0.00,7.2,1017.1,0.00,0.00
2026-04-12T18:00,8.9,0.00,6.8,1017.1,0.00,0.00
2026-04-12T19:00,8.5,0.00,6.2,1016.7,0.00,0.00
2026-04-12T20:00,8.4,0.00,6.1,1016.9,0.00,0.00
2026-04-12T21:00,8.3,0.00,5.8,1016.6,0.00,0.00
2026-04-12T22:00,8.6,0.00,6.0,1016.5,0.00,0.00
2026-04-12T23:00,8.6,0.00,6.0,1016.3,0.00,0.00
2026-04-13T00:00,8.5,0.00,5.8,1016.1,0.00,0.00
2026-04-13T01:00,8.5,0.00,5.4,1015.4,0.00,0.00
2026-04-13T02:00,8.9,0.00,5.5,1015.2,0.00,0.00
2026-04-13T03:00,9.4,0.00,5.6,1015.3,0.00,0.00
2026-04-13T04:00,9.9,0.00,6.0,1014.7,0.00,0.00
2026-04-13T05:00,11.2,0.00,7.3,1014.2,0.00,0.00
2026-04-13T06:00,12.4,0.00,8.4,1014.4,0.00,0.00
2026-04-13T07:00,13.9,0.00,9.7,1014.0,0.00,0.00
2026-04-13T08:00,13.9,0.00,9.3,1013.9,0.00,0.00
2026-04-13T09:00,13.9,0.00,9.2,1013.9,0.00,0.00
2026-04-13T10:00,14.3,0.00,9.8,1012.8,0.00,0.00
2026-04-13T11:00,14.2,0.00,9.6,1013.4,0.00,0.00
2026-04-13T12:00,14.0,0.00,9.5,1013.5,0.00,0.00
2026-04-13T13:00,13.4,0.10,9.0,1013.4,0.00,0.10
2026-04-13T14:00,12.8,0.00,8.9,1013.7,0.00,0.00
2026-04-13T15:00,12.4,0.00,8.2,1013.9,0.00,0.00
2026-04-13T16:00,12.5,0.00,8.4,1013.6,0.00,0.00
2026-04-13T17:00,12.1,0.00,7.8,1013.3,0.00,0.00
2026-04-13T18:00,11.8,0.00,7.6,1013.7,0.00,0.00
2026-04-13T19:00,11.6,0.00,7.6,1013.5,0.00,0.00
2026-04-13T20:00,11.1,0.00,7.2,1013.3,0.00,0.00
2026-04-13T21:00,10.7,0.00,6.9,1013.7,0.00,0.00
2026-04-13T22:00,10.4,0.00,6.8,1013.8,0.00,0.00
2026-04-13T23:00,10.0,0.00,6.6,1014.2,0.00,0.00
2026-04-14T00:00,9.7,0.00,6.8,1014.7,0.00,0.00
2026-04-14T01:00,9.7,0.10,6.9,1014.7,0.00,0.10
2026-04-14T02:00,9.9,0.00,7.3,1015.4,0.00,0.00
2026-04-14T03:00,10.4,0.00,8.1,1015.8,0.00,0.00
2026-04-14T04:00,10.8,0.90,8.7,1016.3,0.00,0.90
2026-04-14T05:00,11.5,0.20,9.2,1016.7,0.00,0.20
2026-04-14T06:00,12.3,0.10,9.8,1017.6,0.00,0.10
2026-04-14T07:00,13.1,0.30,10.4,1018.2,0.00,0.30
2026-04-14T08:00,13.3,0.10,10.6,1018.4,0.00,0.10
2026-04-14T09:00,13.6,0.00,10.9,1018.7,0.00,0.00
2026-04-14T10:00,12.5,0.00,9.7,1019.6,0.00,0.00
2026-04-14T11:00,12.0,0.10,9.3,1020.1,0.00,0.10
2026-04-14T12:00,11.7,0.00,9.0,1020.6,0.00,0.00
2026-04-14T13:00,11.4,0.00,8.8,1021.7,0.00,0.00
2026-04-14T14:00,11.0,0.00,8.4,1021.8,0.00,0.00
2026-04-14T15:00,10.3,0.00,8.0,1022.6,0.00,0.00
2026-04-14T16:00,9.3,0.00,7.3,1023.0,0.00,0.00
2026-04-14T17:00,8.6,0.00,6.6,1023.7,0.00,0.00
2026-04-14T18:00,7.9,0.00,5.9,1024.1,0.00,0.00
2026-04-14T19:00,6.9,0.00,5.1,1024.0,0.00,0.00
2026-04-14T20:00,6.5,0.00,4.7,1024.0,0.00,0.00
2026-04-14T21:00,6.1,0.00,4.2,1024.4,0.00,0.00
2026-04-14T22:00,4.4,0.00,2.7,1024.3,0.00,0.00
2026-04-14T23:00,4.0,0.00,2.1,1024.9,0.00,0.00
2026-04-15T00:00,4.1,0.00,2.4,1025.2,0.00,0.00
2026-04-15T01:00,5.1,0.00,3.2,1025.2,0.00,0.00
2026-04-15T02:00,7.6,0.00,5.8,1025.2,0.00,0.00
2026-04-15T03:00,10.0,0.00,8.1,1025.4,0.00,0.00
2026-04-15T04:00,11.9,0.00,10.1,1025.2,0.00,0.00
2026-04-15T05:00,13.4,0.00,12.4,1024.5,0.00,0.00
2026-04-15T06:00,14.7,0.00,13.9,1024.1,0.00,0.00
2026-04-15T07:00,15.5,0.00,14.7,1023.5,0.00,0.00
2026-04-15T08:00,16.2,0.00,14.8,1022.4,0.00,0.00
2026-04-15T09:00,16.3,0.00,13.3,1022.4,0.00,0.00
2026-04-15T10:00,16.7,0.00,14.2,1021.5,0.00,0.00
2026-04-15T11:00,16.7,0.00,14.1,1021.5,0.00,0.00
2026-04-15T12:00,16.0,0.00,12.8,1021.4,0.00,0.00
2026-04-15T13:00,16.0,0.00,13.2,1021.3,0.00,0.00
2026-04-15T14:00,15.0,0.00,12.5,1020.6,0.00,0.00
2026-04-15T15:00,13.9,0.00,11.4,1021.2,0.00,0.00
2026-04-15T16:00,12.7,0.00,10.1,1021.2,0.00,0.00
2026-04-15T17:00,11.8,0.00,9.4,1021.4,0.00,0.00
2026-04-15T18:00,11.0,0.00,8.6,1021.3,0.00,0.00
2026-04-15T19:00,10.3,0.00,7.7,1021.6,0.00,0.00
2026-04-15T20:00,9.9,0.00,7.5,1020.7,0.00,0.00
2026-04-15T21:00,9.7,0.00,7.4,1020.6,0.00,0.00
2026-04-15T22:00,9.5,0.00,7.3,1020.4,0.00,0.00
2026-04-15T23:00,9.2,0.00,6.9,1020.1,0.00,0.00
2026-04-16T00:00,9.1,0.00,6.6,1020.2,0.00,0.00
2026-04-16T01:00,9.6,0.00,7.4,1020.4,0.00,0.00
2026-04-16T02:00,10.7,0.00,8.4,1020.2,0.00,0.00
2026-04-16T03:00,12.1,0.00,9.8,1020.1,0.00,0.00
2026-04-16T04:00,14.4,0.00,12.5,1020.7,0.00,0.00
2026-04-16T05:00,16.1,0.00,14.3,1020.0,0.00,0.00
2026-04-16T06:00,17.7,0.00,16.2,1020.3,0.00,0.00
2026-04-16T07:00,18.7,0.00,17.4,1019.7,0.00,0.00
2026-04-16T08:00,19.3,0.00,16.9,1019.5,0.00,0.00
2026-04-16T09:00,19.8,0.00,16.9,1019.4,0.00,0.00
2026-04-16T10:00,19.9,0.00,16.8,1019.9,0.00,0.00
2026-04-16T11:00,19.8,0.00,17.2,1019.2,0.00,0.00
2026-04-16T12:00,19.5,0.00,16.6,1019.3,0.00,0.00
2026-04-16T13:00,17.8,0.50,14.7,1020.4,0.00,0.50
2026-04-16T14:00,15.7,0.70,14.4,1020.5,0.00,0.70
2026-04-16T15:00,15.2,0.00,14.1,1021.0,0.00,0.00
2026-04-16T16:00,14.9,0.00,13.6,1021.7,0.00,0.00
2026-04-16T17:00,14.1,0.00,13.0,1021.4,0.00,0.00
2026-04-16T18:00,13.2,0.00,12.3,1021.6,0.00,0.00
2026-04-16T19:00,12.9,0.00,11.5,1022.4,0.00,0.00
2026-04-16T20:00,12.4,0.00,11.0,1022.4,0.00,0.00
2026-04-16T21:00,11.9,0.00,10.3,1022.5,0.00,0.00
2026-04-16T22:00,10.5,0.00,8.4,1023.1,0.00,0.00
2026-04-16T23:00,9.1,0.00,7.1,1023.0,0.00,0.00
2026-04-17T00:00,8.7,0.00,7.0,1023.7,0.00,0.00
2026-04-17T01:00,9.7,0.00,8.0,1023.8,0.00,0.00
2026-04-17T02:00,11.0,0.00,9.2,1023.7,0.00,0.00
2026-04-17T03:00,12.8,0.00,11.0,1023.9,0.00,0.00
2026-04-17T04:00,15.4,0.00,13.8,1023.5,0.00,0.00
2026-04-17T05:00,16.6,0.00,15.4,1023.8,0.00,0.00
2026-04-17T06:00,17.7,0.00,16.5,1023.5,0.00,0.00
2026-04-17T07:00,18.6,0.00,16.9,1023.0,0.00,0.00
2026-04-17T08:00,19.0,0.00,16.5,1022.8,0.00,0.00
2026-04-17T09:00,19.2,0.00,16.2,1022.1,0.00,0.00
2026-04-17T10:00,19.7,0.00,16.9,1021.7,0.00,0.00
2026-04-17T11:00,19.2,0.00,15.9,1021.4,0.00,0.00
2026-04-17T12:00,18.1,0.00,14.9,1021.7,0.00,0.00
2026-04-17T13:00,16.7,0.00,13.3,1022.1,0.00,0.00
2026-04-17T14:00,15.6,0.00,12.7,1022.5,0.00,0.00
2026-04-17T15:00,14.7,0.00,12.0,1023.0,0.00,0.00
2026-04-17T16:00,13.7,0.00,11.2,1023.1,0.00,0.00
2026-04-17T17:00,13.1,0.00,10.6,1022.9,0.00,0.00
2026-04-17T18:00,12.3,0.00,9.7,1022.8,0.00,0.00
2026-04-17T19:00,11.4,0.00,8.7,1022.5,0.00,0.00
2026-04-17T20:00,11.0,0.00,8.2,1022.6,0.00,0.00
2026-04-17T21:00,10.4,0.00,7.5,1022.4,0.00,0.00
2026-04-17T22:00,9.6,0.00,6.7,1022.6,0.00,0.00
2026-04-17T23:00,9.2,0.00,6.3,1022.0,0.00,0.00
2026-04-18T00:00,9.0,0.00,6.1,1022.1,0.00,0.00
2026-04-18T01:00,9.7,0.00,6.9,1022.2,0.00,0.00
2026-04-18T02:00,11.0,0.00,8.2,1022.0,0.00,0.00
2026-04-18T03:00,12.9,0.00,10.2,1021.8,0.00,0.00
2026-04-18T04:00,15.7,0.00,13.3,1021.5,0.00,0.00
2026-04-18T05:00,17.7,0.00,15.6,1020.7,0.00,0.00
2026-04-18T06:00,19.0,0.00,17.1,1020.2,0.00,0.00
2026-04-18T07:00,19.8,0.00,18.2,1019.7,0.00,0.00
2026-04-18T08:00,20.2,0.00,17.9,1019.1,0.00,0.00
2026-04-18T09:00,20.4,0.00,17.9,1018.6,0.00,0.00
2026-04-18T10:00,20.6,0.00,18.6,1018.2,0.00,0.00
2026-04-18T11:00,20.4,0.00,18.4,1017.9,0.00,0.00
2026-04-18T12:00,20.2,0.00,17.9,1018.0,0.00,0.00
2026-04-18T13:00,20.0,0.00,18.3,1017.9,0.00,0.00
2026-04-18T14:00,17.9,0.10,15.5,1018.5,0.00,0.10
2026-04-18T15:00,16.7,0.10,14.6,1018.2,0.00,0.10
2026-04-18T16:00,16.5,0.00,15.3,1017.7,0.00,0.00
2026-04-18T17:00,16.3,0.00,14.9,1017.5,0.00,0.00
2026-04-18T18:00,15.8,0.00,14.4,1017.2,0.00,0.00
2026-04-18T19:00,15.5,0.00,14.6,1016.8,0.00,0.00
2026-04-18T20:00,14.9,0.00,13.7,1016.2,0.00,0.00
2026-04-18T21:00,14.6,0.00,13.4,1016.1,0.00,0.00
2026-04-18T22:00,14.3,0.00,13.3,1015.9,0.00,0.00
2026-04-18T23:00,13.6,0.00,12.5,1015.5,0.00,0.00
2026-04-19T00:00,13.4,0.00,12.2,1015.7,0.00,0.00
2026-04-19T01:00,12.5,0.00,10.6,1015.2,0.00,0.00
2026-04-19T02:00,12.9,0.00,11.3,1014.5,0.00,0.00
2026-04-19T03:00,13.6,0.00,12.1,1014.5,0.00,0.00
2026-04-19T04:00,14.7,0.10,13.0,1014.7,0.00,0.10
2026-04-19T05:00,14.9,0.20,13.2,1014.5,0.00,0.20
2026-04-19T06:00,14.9,0.10,12.9,1014.0,0.00,0.10
2026-04-19T07:00,13.4,0.00,10.8,1012.9,0.00,0.00
2026-04-19T08:00,12.4,0.10,9.4,1013.2,0.00,0.10
2026-04-19T09:00,11.1,0.60,7.5,1013.1,0.00,0.60
2026-04-19T10:00,9.4,3.20,5.3,1013.5,0.00,3.20
2026-04-19T11:00,8.3,5.60,4.0,1013.6,0.00,5.60
2026-04-19T12:00,7.9,5.80,3.2,1013.9,0.00,5.80
2026-04-19T13:00,6.6,4.70,2.2,1015.1,0.00,4.70
2026-04-19T14:00,6.5,5.20,2.2,1014.4,0.00,5.20
2026-04-19T15:00,6.4,5.40,2.2,1014.3,0.00,5.40
2026-04-19T16:00,5.9,4.70,1.3,1014.8,0.00,4.70
2026-04-19T17:00,6.3,1.20,1.9,1014.2,0.00,1.20
2026-04-19T18:00,5.8,0.30,1.3,1014.3,0.00,0.30
2026-04-19T19:00,5.3,0.10,1.2,1014.4,0.00,0.10
2026-04-19T20:00,5.3,0.00,1.0,1013.3,0.00,0.00
2026-04-19T21:00,5.3,0.00,1.3,1013.2,0.00,0.00
2026-04-19T22:00,5.1,0.10,1.3,1013.3,0.00,0.10
2026-04-19T23:00,5.2,0.00,1.5,1012.7,0.00,0.00
2026-04-20T00:00,5.3,0.10,2.0,1012.7,0.00,0.10
2026-04-20T01:00,5.5,1.70,2.8,1012.9,0.00,1.70
2026-04-20T02:00,6.7,2.10,4.4,1012.6,0.00,2.10
2026-04-20T03:00,7.5,1.70,4.8,1013.3,0.00,1.70
2026-04-20T04:00,8.4,1.10,5.7,1015.2,0.00,1.10
2026-04-20T05:00,8.9,0.70,5.6,1014.9,0.00,0.70
2026-04-20T06:00,9.1,1.30,6.2,1015.9,0.00,1.30
2026-04-20T07:00,9.2,0.40,6.2,1016.3,0.00,0.40
2026-04-20T08:00,9.8,0.20,7.4,1015.9,0.00,0.20
2026-04-20T09:00,10.3,0.20,7.7,1016.5,0.00,0.20
2026-04-20T10:00,10.4,0.10,8.2,1017.3,0.00,0.10
2026-04-20T11:00,11.1,0.00,8.7,1017.6,0.00,0.00
2026-04-20T12:00,11.3,0.00,9.3,1017.9,0.00,0.00
2026-04-20T13:00,10.4,0.00,7.7,1017.9,0.00,0.00
2026-04-20T14:00,9.4,0.00,6.4,1018.3,0.00,0.00
2026-04-20T15:00,8.1,0.00,4.7,1019.3,0.00,0.00
2026-04-20T16:00,7.1,0.00,2.9,1019.7,0.00,0.00
2026-04-20T17:00,6.6,0.00,2.6,1021.0,0.00,0.00
2026-04-20T18:00,6.0,0.00,2.2,1021.5,0.00,0.00
2026-04-20T19:00,5.1,0.00,1.2,1021.9,0.00,0.00
2026-04-20T20:00,4.2,0.00,0.3,1022.3,0.00,0.00
2026-04-20T21:00,3.5,0.00,-0.2,1023.1,0.00,0.00
2026-04-20T22:00,2.9,0.00,-0.9,1023.8,0.00,0.00
2026-04-20T23:00,2.2,0.00,-1.6,1023.0,0.00,0.00
2026-04-21T00:00,2.1,0.00,-1.7,1023.7,0.00,0.00
2026-04-21T01:00,3.2,0.00,-0.4,1023.5,0.00,0.00
2026-04-21T02:00,4.9,0.00,1.3,1024.3,0.00,0.00
2026-04-21T03:00,7.1,0.00,3.6,1024.3,0.00,0.00
2026-04-21T04:00,9.4,0.00,6.4,1024.5,0.00,0.00
2026-04-21T05:00,11.4,0.00,8.6,1023.9,0.00,0.00
2026-04-21T06:00,12.5,0.00,9.8,1024.3,0.00,0.00
2026-04-21T07:00,13.1,0.00,9.4,1024.3,0.00,0.00
2026-04-21T08:00,13.5,0.00,9.3,1024.1,0.00,0.00
2026-04-21T09:00,13.8,0.00,9.3,1023.9,0.00,0.00
2026-04-21T10:00,13.3,0.00,9.1,1023.8,0.00,0.00
2026-04-21T11:00,13.4,0.00,9.0,1023.2,0.00,0.00
2026-04-21T12:00,12.4,0.00,7.8,1023.3,0.00,0.00
2026-04-21T13:00,11.5,0.00,7.2,1023.5,0.00,0.00
2026-04-21T14:00,10.0,0.00,5.9,1024.6,0.00,0.00
2026-04-21T15:00,8.5,0.00,4.7,1025.2,0.00,0.00
2026-04-21T16:00,7.3,0.00,3.6,1026.0,0.00,0.00
2026-04-21T17:00,6.4,0.00,2.9,1025.9,0.00,0.00
2026-04-21T18:00,5.7,0.00,2.4,1026.2,0.00,0.00
2026-04-21T19:00,4.7,0.00,1.5,1026.0,0.00,0.00
2026-04-21T20:00,4.2,0.00,0.9,1026.0,0.00,0.00
2026-04-21T21:00,3.7,0.00,0.4,1026.3,0.00,0.00
2026-04-21T22:00,2.8,0.00,-0.4,1026.2,0.00,0.00
2026-04-21T23:00,2.5,0.00,-0.7,1026.1,0.00,0.00
2026-04-22T00:00,2.7,0.00,-0.6,1026.1,0.00,0.00
2026-04-22T01:00,4.5,0.00,0.9,1025.9,0.00,0.00
2026-04-22T02:00,6.5,0.00,2.8,1026.4,0.00,0.00
2026-04-22T03:00,8.9,0.00,5.0,1026.3,0.00,0.00
2026-04-22T04:00,12.6,0.00,8.9,1026.4,0.00,0.00
2026-04-22T05:00,14.3,0.00,11.0,1025.4,0.00,0.00
2026-04-22T06:00,15.6,0.00,12.7,1025.1,0.00,0.00
2026-04-22T07:00,16.6,0.00,13.7,1024.8,0.00,0.00
2026-04-22T08:00,17.6,0.00,14.1,1024.0,0.00,0.00
2026-04-22T09:00,17.7,0.00,14.0,1023.9,0.00,0.00
2026-04-22T10:00,17.8,0.00,13.5,1023.6,0.00,0.00
2026-04-22T11:00,17.2,0.00,12.7,1023.3,0.00,0.00
2026-04-22T12:00,16.5,0.00,12.0,1023.3,0.00,0.00
2026-04-22T13:00,15.9,0.00,12.2,1023.3,0.00,0.00
2026-04-22T14:00,14.5,0.00,10.8,1023.3,0.00,0.00
2026-04-22T15:00,13.2,0.00,9.8,1023.8,0.00,0.00
2026-04-22T16:00,12.0,0.00,8.7,1023.9,0.00,0.00
2026-04-22T17:00,11.0,0.00,7.8,1023.9,0.00,0.00
2026-04-22T18:00,10.1,0.00,6.8,1024.0,0.00,0.00
2026-04-22T19:00,9.1,0.00,5.8,1023.6,0.00,0.00
2026-04-22T20:00,8.3,0.00,4.9,1023.1,0.00,0.00
2026-04-22T21:00,7.7,0.00,3.8,1023.1,0.00,0.00
2026-04-22T22:00,7.0,0.00,3.0,1022.9,0.00,0.00
2026-04-22T23:00,6.1,0.00,2.0,1023.1,0.00,0.00
2026-04-23T00:00,5.5,0.00,1.3,1023.2,0.00,0.00
2026-04-23T01:00,5.8,0.00,1.8,1023.7,0.00,0.00
2026-04-23T02:00,6.6,0.00,2.6,1023.9,0.00,0.00
2026-04-23T03:00,7.4,0.00,3.5,1023.9,0.00,0.00
2026-04-23T04:00,8.4,0.00,4.5,1024.2,0.00,0.00
2026-04-23T05:00,9.2,0.00,5.5,1024.1,0.00,0.00
2026-04-23T06:00,10.5,0.00,7.3,1023.4,0.00,0.00
2026-04-23T07:00,12.2,0.00,9.4,1022.9,0.00,0.00
2026-04-23T08:00,13.5,0.00,10.7,1021.9,0.00,0.00
2026-04-23T09:00,15.0,0.00,11.7,1021.3,0.00,0.00
2026-04-23T10:00,16.0,0.00,12.3,1021.3,0.00,0.00
2026-04-23T11:00,16.2,0.00,12.7,1020.3,0.00,0.00
2026-04-23T12:00,16.1,0.00,13.1,1020.3,0.00,0.00
2026-04-23T13:00,15.8,0.00,13.5,1019.3,0.00,0.00
2026-04-23T14:00,15.0,0.00,12.9,1019.9,0.00,0.00
2026-04-23T15:00,13.5,0.00,10.8,1019.9,0.00,0.00
2026-04-23T16:00,12.5,0.00,9.9,1019.5,0.00,0.00
2026-04-23T17:00,11.1,0.00,8.2,1019.7,0.00,0.00
2026-04-23T18:00,9.6,0.00,6.5,1019.7,0.00,0.00
2026-04-23T19:00,8.6,0.00,5.4,1019.0,0.00,0.00
2026-04-23T20:00,7.3,0.00,4.0,1018.8,0.00,0.00
2026-04-23T21:00,6.7,0.00,3.0,1018.6,0.00,0.00
2026-04-23T22:00,6.5,0.00,2.9,1018.8,0.00,0.00
2026-04-23T23:00,6.5,0.00,2.9,1019.1,0.00,0.00
2026-04-24T00:00,6.8,0.00,3.2,1019.5,0.00,0.00
2026-04-24T01:00,7.2,0.00,3.9,1018.9,0.00,0.00
2026-04-24T02:00,8.1,0.00,4.5,1019.0,0.00,0.00
2026-04-24T03:00,8.9,0.00,5.6,1018.7,0.00,0.00
2026-04-24T04:00,9.3,0.00,6.1,1019.1,0.00,0.00
2026-04-24T05:00,10.4,0.00,7.5,1019.3,0.00,0.00
2026-04-24T06:00,11.5,0.00,8.4,1019.0,0.00,0.00
2026-04-24T07:00,12.6,0.00,9.9,1017.9,0.00,0.00
2026-04-24T08:00,14.2,0.00,11.7,1017.9,0.00,0.00
2026-04-24T09:00,15.5,0.00,12.6,1017.2,0.00,0.00
2026-04-24T10:00,16.4,0.00,13.3,1016.8,0.00,0.00
2026-04-24T11:00,16.6,0.00,13.5,1016.5,0.00,0.00
2026-04-24T12:00,15.9,0.00,12.7,1016.0,0.00,0.00
2026-04-24T13:00,13.7,0.00,10.3,1016.3,0.00,0.00
2026-04-24T14:00,11.6,0.00,8.2,1016.9,0.00,0.00
2026-04-24T15:00,10.8,0.00,7.6,1016.8,0.00,0.00
2026-04-24T16:00,9.8,0.00,6.7,1016.4,0.00,0.00
2026-04-24T17:00,8.9,0.00,5.6,1016.7,0.00,0.00
2026-04-24T18:00,8.1,0.00,5.1,1016.3,0.00,0.00
2026-04-24T19:00,7.7,0.00,4.4,1016.3,0.00,0.00
2026-04-24T20:00,7.3,0.00,3.8,1015.7,0.00,0.00
2026-04-24T21:00,7.2,0.00,3.5,1015.7,0.00,0.00
2026-04-24T22:00,6.9,0.00,3.2,1015.5,0.00,0.00
2026-04-24T23:00,6.6,0.00,2.7,1014.8,0.00,0.00
2026-04-25T00:00,6.1,0.00,1.9,1014.9,0.00,0.00
2026-04-25T01:00,6.4,0.00,2.0,1014.5,0.00,0.00
2026-04-25T02:00,7.0,0.00,2.6,1015.2,0.00,0.00
2026-04-25T03:00,8.0,0.00,3.7,1014.8,0.00,0.00
2026-04-25T04:00,9.9,0.00,5.6,1014.5,0.00,0.00
2026-04-25T05:00,11.6,0.00,7.7,1014.7,0.00,0.00
2026-04-25T06:00,13.2,0.00,9.7,1014.3,0.00,0.00
2026-04-25T07:00,14.6,0.00,11.1,1013.7,0.00,0.00
2026-04-25T08:00,15.6,0.00,11.7,1012.1,0.00,0.00
2026-04-25T09:00,16.4,0.00,12.1,1012.0,0.00,0.00
2026-04-25T10:00,16.8,0.00,12.1,1011.8,0.00,0.00
2026-04-25T11:00,16.4,0.00,11.5,1011.7,0.00,0.00
2026-04-25T12:00,15.1,0.00,10.4,1011.6,0.00,0.00
2026-04-25T13:00,14.2,0.00,9.6,1011.8,0.00,0.00
2026-04-25T14:00,10.9,0.00,5.6,1013.4,0.00,0.00
2026-04-25T15:00,9.2,0.00,4.8,1014.5,0.00,0.00
2026-04-25T16:00,8.8,0.00,3.8,1015.5,0.00,0.00
2026-04-25T17:00,8.5,0.00,3.5,1015.8,0.00,0.00
2026-04-25T18:00,8.0,0.00,3.5,1016.4,0.00,0.00
2026-04-25T19:00,7.3,0.00,2.6,1018.1,0.00,0.00
2026-04-25T20:00,6.4,0.00,1.9,1017.9,0.00,0.00
2026-04-25T21:00,5.8,0.00,1.5,1019.4,0.00,0.00
2026-04-25T22:00,5.2,0.00,1.1,1020.6,0.00,0.00
2026-04-25T23:00,4.8,0.00,1.1,1021.3,0.00,0.00
2026-04-26T00:00,4.6,0.00,1.1,1022.1,0.00,0.00
2026-04-26T01:00,5.4,0.00,2.0,1023.6,0.00,0.00
2026-04-26T02:00,7.0,0.00,3.9,1023.7,0.00,0.00
2026-04-26T03:00,8.8,0.00,5.6,1024.4,0.00,0.00
2026-04-26T04:00,10.3,0.00,7.3,1024.7,0.00,0.00
2026-04-26T05:00,11.6,0.00,8.2,1025.4,0.00,0.00
2026-04-26T06:00,12.5,0.00,9.6,1025.4,0.00,0.00
2026-04-26T07:00,12.9,0.00,9.8,1024.5,0.00,0.00
2026-04-26T08:00,13.8,0.00,10.7,1024.6,0.00,0.00
2026-04-26T09:00,14.0,0.00,9.8,1024.7,0.00,0.00
2026-04-26T10:00,14.0,0.00,9.7,1024.2,0.00,0.00
2026-04-26T11:00,13.9,0.00,9.2,1024.4,0.00,0.00
2026-04-26T12:00,13.3,0.00,8.9,1024.2,0.00,0.00
2026-04-26T13:00,12.8,0.00,8.6,1024.0,0.00,0.00
2026-04-26T14:00,11.9,0.00,7.6,1024.3,0.00,0.00
2026-04-26T15:00,10.6,0.00,6.6,1025.0,0.00,0.00
2026-04-26T16:00,9.5,0.00,5.8,1025.4,0.00,0.00
2026-04-26T17:00,8.9,0.00,5.3,1025.0,0.00,0.00
2026-04-26T18:00,8.2,0.00,4.9,1025.0,0.00,0.00
2026-04-26T19:00,6.9,0.00,3.6,1025.2,0.00,0.00
2026-04-26T20:00,6.7,0.00,3.5,1025.3,0.00,0.00
2026-04-26T21:00,6.4,0.00,3.1,1025.1,0.00,0.00
2026-04-26T22:00,5.2,0.00,2.1,1025.2,0.00,0.00
2026-04-26T23:00,4.9,0.00,1.9,1025.0,0.00,0.00
2026-04-27T00:00,5.2,0.00,2.0,1024.9,0.00,0.00
2026-04-27T01:00,6.3,0.00,3.2,1024.4,0.00,0.00
2026-04-27T02:00,8.3,0.00,5.1,1024.8,0.00,0.00
2026-04-27T03:00,10.7,0.00,7.7,1024.9,0.00,0.00
2026-04-27T04:00,13.2,0.00,10.3,1024.3,0.00,0.00
2026-04-27T05:00,14.8,0.00,12.3,1023.8,0.00,0.00
2026-04-27T06:00,15.5,0.00,13.4,1023.2,0.00,0.00
2026-04-27T07:00,16.3,0.00,13.6,1022.8,0.00,0.00
2026-04-27T08:00,16.6,0.00,13.8,1022.4,0.00,0.00
2026-04-27T09:00,16.5,0.00,13.0,1022.2,0.00,0.00
2026-04-27T10:00,16.6,0.00,12.9,1022.2,0.00,0.00
2026-04-27T11:00,16.2,0.00,12.7,1021.8,0.00,0.00
2026-04-27T12:00,15.4,0.00,10.9,1021.6,0.00,0.00
2026-04-27T13:00,14.6,0.00,10.7,1021.6,0.00,0.00
2026-04-27T14:00,12.3,0.00,8.2,1022.6,0.00,0.00
2026-04-27T15:00,10.6,0.00,6.3,1023.4,0.00,0.00
2026-04-27T16:00,9.7,0.00,5.5,1023.7,0.00,0.00
2026-04-27T17:00,8.8,0.00,4.5,1023.7,0.00,0.00
2026-04-27T18:00,8.1,0.00,4.0,1023.9,0.00,0.00
2026-04-27T19:00,7.3,0.00,3.1,1024.6,0.00,0.00
2026-04-27T20:00,6.7,0.00,2.4,1024.7,0.00,0.00
2026-04-27T21:00,6.1,0.00,1.6,1025.3,0.00,0.00
2026-04-27T22:00,5.5,0.00,1.1,1025.6,0.00,0.00
2026-04-27T23:00,4.9,0.00,0.6,1025.8,0.00,0.00
2026-04-28T00:00,4.6,0.00,0.3,1026.0,0.00,0.00
2026-04-28T01:00,5.8,0.00,1.5,1026.1,0.00,0.00
2026-04-28T02:00,7.1,0.00,2.6,1026.2,0.00,0.00
2026-04-28T03:00,8.7,0.00,4.2,1026.5,0.00,0.00
2026-04-28T04:00,10.5,0.00,6.6,1025.7,0.00,0.00
2026-04-28T05:00,12.1,0.00,8.4,1026.4,0.00,0.00
2026-04-28T06:00,13.2,0.00,9.5,1026.7,0.00,0.00
2026-04-28T07:00,13.9,0.00,10.4,1026.1,0.00,0.00
2026-04-28T08:00,14.4,0.00,10.9,1025.4,0.00,0.00
2026-04-28T09:00,14.6,0.00,10.0,1025.1,0.00,0.00
2026-04-28T10:00,14.6,0.00,10.0,1024.8,0.00,0.00
2026-04-28T11:00,14.6,0.00,10.2,1024.6,0.00,0.00
2026-04-28T12:00,13.8,0.00,9.0,1024.9,0.00,0.00
2026-04-28T13:00,13.4,0.00,9.4,1024.6,0.00,0.00
2026-04-28T14:00,11.7,0.00,6.7,1025.7,0.00,0.00
2026-04-28T15:00,10.4,0.00,5.8,1026.5,0.00,0.00
2026-04-28T16:00,9.2,0.00,4.9,1026.4,0.00,0.00
2026-04-28T17:00,8.0,0.00,4.1,1027.0,0.00,0.00
2026-04-28T18:00,7.1,0.00,3.3,1027.5,0.00,0.00
2026-04-28T19:00,6.3,0.00,2.2,1027.3,0.00,0.00
2026-04-28T20:00,5.7,0.00,1.5,1028.2,0.00,0.00
2026-04-28T21:00,5.3,0.00,1.3,1029.0,0.00,0.00
2026-04-28T22:00,4.9,0.00,1.1,1028.8,0.00,0.00
2026-04-28T23:00,4.3,0.00,0.5,1028.9,0.00,0.00
2026-04-29T00:00,4.2,0.00,0.4,1029.6,0.00,0.00
2026-04-29T01:00,5.7,0.00,1.6,1029.8,0.00,0.00
2026-04-29T02:00,7.2,0.00,3.0,1030.1,0.00,0.00
2026-04-29T03:00,9.1,0.00,4.5,1030.7,0.00,0.00
2026-04-29T04:00,10.7,0.00,6.1,1030.1,0.00,0.00
2026-04-29T05:00,11.6,0.00,7.7,1030.5,0.00,0.00
2026-04-29T06:00,12.3,0.00,8.9,1030.3,0.00,0.00
2026-04-29T07:00,12.6,0.00,9.5,1029.6,0.00,0.00
2026-04-29T08:00,13.7,0.00,10.0,1029.9,0.00,0.00
2026-04-29T09:00,13.4,0.00,8.9,1030.1,0.00,0.00
2026-04-29T10:00,13.8,0.00,9.0,1029.3,0.00,0.00
2026-04-29T11:00,13.4,0.00,9.0,1029.7,0.00,0.00
2026-04-29T12:00,12.9,0.00,8.5,1030.2,0.00,0.00
2026-04-29T13:00,12.6,0.00,8.7,1029.8,0.00,0.00
2026-04-29T14:00,12.1,0.00,8.7,1029.8,0.00,0.00
2026-04-29T15:00,11.5,0.00,8.5,1030.6,0.00,0.00
2026-04-29T16:00,10.6,0.00,7.6,1031.9,0.00,0.00
2026-04-29T17:00,8.8,0.00,5.6,1032.1,0.00,0.00
2026-04-29T18:00,8.1,0.00,4.9,1032.4,0.00,0.00
2026-04-29T19:00,7.4,0.00,4.7,1032.5,0.00,0.00
2026-04-29T20:00,6.8,0.00,4.0,1032.5,0.00,0.00
2026-04-29T21:00,6.5,0.00,3.7,1032.5,0.00,0.00
2026-04-29T22:00,5.8,0.00,3.6,1032.5,0.00,0.00
2026-04-29T23:00,5.3,0.00,3.3,1033.1,0.00,0.00
2026-04-30T00:00,5.6,0.00,3.5,1033.1,0.00,0.00
2026-04-30T01:00,7.7,0.00,5.0,1032.5,0.00,0.00
2026-04-30T02:00,9.4,0.00,6.4,1033.0,0.00,0.00
2026-04-30T03:00,11.2,0.00,8.1,1032.6,0.00,0.00
2026-04-30T04:00,13.5,0.00,10.4,1032.4,0.00,0.00
2026-04-30T05:00,15.0,0.00,13.1,1032.1,0.00,0.00
2026-04-30T06:00,16.3,0.00,14.5,1032.1,0.00,0.00
2026-04-30T07:00,17.5,0.00,15.6,1030.7,0.00,0.00
2026-04-30T08:00,18.1,0.00,16.0,1030.6,0.00,0.00
2026-04-30T09:00,18.3,0.00,15.8,1029.9,0.00,0.00
2026-04-30T10:00,19.5,0.00,16.1,1029.6,0.00,0.00
2026-04-30T11:00,19.1,0.00,15.9,1028.8,0.00,0.00
2026-04-30T12:00,18.8,0.00,15.4,1029.0,0.00,0.00
2026-04-30T13:00,18.2,0.00,15.3,1028.6,0.00,0.00
2026-04-30T14:00,17.2,0.00,14.7,1029.1,0.00,0.00
2026-04-30T15:00,15.9,0.00,13.6,1029.0,0.00,0.00
2026-04-30T16:00,14.3,0.00,12.1,1029.7,0.00,0.00
2026-04-30T17:00,13.2,0.00,11.0,1029.9,0.00,0.00
2026-04-30T18:00,12.3,0.00,10.3,1030.1,0.00,0.00
2026-04-30T19:00,11.2,0.00,9.5,1029.0,0.00,0.00
2026-04-30T20:00,10.7,0.00,8.9,1029.3,0.00,0.00
2026-04-30T21:00,10.2,0.00,8.3,1029.6,0.00,0.00
2026-04-30T22:00,9.5,0.00,7.7,1029.6,0.00,0.00
2026-04-30T23:00,9.2,0.00,7.4,1029.9,0.00,0.00
2026-05-01T00:00,9.5,0.00,7.8,1029.9,0.00,0.00
2026-05-01T01:00,11.1,0.00,9.1,1029.8,0.00,0.00
2026-05-01T02:00,13.1,0.00,11.1,1029.9,0.00,0.00
2026-05-01T03:00,15.5,0.00,13.6,1029.9,0.00,0.00
2026-05-01T04:00,17.7,0.00,15.5,1029.1,0.00,0.00
2026-05-01T05:00,19.2,0.00,17.8,1029.4,0.00,0.00
2026-05-01T06:00,20.5,0.00,19.5,1029.0,0.00,0.00
2026-05-01T07:00,21.6,0.00,21.0,1028.0,0.00,0.00
2026-05-01T08:00,22.4,0.00,21.5,1027.4,0.00,0.00
2026-05-01T09:00,23.1,0.00,21.9,1027.1,0.00,0.00
2026-05-01T10:00,23.5,0.00,21.5,1026.0,0.00,0.00
2026-05-01T11:00,23.2,0.00,19.9,1026.1,0.00,0.00
2026-05-01T12:00,22.9,0.00,20.3,1025.3,0.00,0.00
2026-05-01T13:00,22.6,0.00,20.5,1024.8,0.00,0.00
2026-05-01T14:00,21.1,0.00,19.0,1025.0,0.00,0.00
2026-05-01T15:00,19.8,0.00,18.2,1025.3,0.00,0.00
2026-05-01T16:00,17.6,0.00,16.4,1025.1,0.00,0.00
2026-05-01T17:00,16.7,0.00,15.3,1025.6,0.00,0.00
2026-05-01T18:00,15.6,0.00,14.2,1025.2,0.00,0.00
2026-05-01T19:00,13.3,0.00,12.4,1024.7,0.00,0.00
2026-05-01T20:00,12.6,0.00,11.5,1024.5,0.00,0.00
2026-05-01T21:00,11.8,0.00,10.5,1024.4,0.00,0.00
2026-05-01T22:00,10.9,0.00,9.8,1023.9,0.00,0.00
2026-05-01T23:00,10.3,0.00,8.8,1024.0,0.00,0.00
2026-05-02T00:00,10.9,0.00,9.1,1024.0,0.00,0.00
2026-05-02T01:00,13.0,0.00,10.9,1023.4,0.00,0.00
2026-05-02T02:00,15.7,0.00,13.6,1022.8,0.00,0.00
2026-05-02T03:00,18.8,0.00,16.6,1022.8,0.00,0.00
2026-05-02T04:00,21.7,0.00,19.5,1022.3,0.00,0.00
2026-05-02T05:00,23.2,0.00,21.1,1021.5,0.00,0.00
2026-05-02T06:00,24.2,0.00,22.3,1021.1,0.00,0.00
2026-05-02T07:00,24.7,0.00,22.7,1020.5,0.00,0.00
2026-05-02T08:00,25.3,0.00,23.1,1019.4,0.00,0.00
2026-05-02T09:00,25.8,0.00,23.1,1018.6,0.00,0.00
2026-05-02T10:00,26.0,0.00,22.4,1017.8,0.00,0.00
2026-05-02T11:00,25.9,0.00,22.5,1017.0,0.00,0.00
2026-05-02T12:00,25.2,0.00,21.9,1016.5,0.00,0.00
2026-05-02T13:00,24.5,0.00,22.2,1016.2,0.00,0.00
2026-05-02T14:00,22.6,0.00,20.3,1015.6,0.00,0.00
2026-05-02T15:00,20.6,0.00,18.8,1016.0,0.00,0.00
2026-05-02T16:00,19.2,0.00,17.9,1015.6,0.00,0.00
2026-05-02T17:00,18.1,0.00,16.5,1015.5,0.00,0.00
2026-05-02T18:00,17.1,0.00,15.6,1015.2,0.00,0.00
2026-05-02T19:00,15.8,0.00,14.0,1014.7,0.00,0.00
2026-05-02T20:00,15.3,0.00,13.1,1014.6,0.00,0.00
2026-05-02T21:00,14.3,0.00,12.2,1014.5,0.00,0.00
2026-05-02T22:00,13.3,0.00,11.4,1013.8,0.00,0.00
2026-05-02T23:00,12.8,0.00,10.9,1013.9,0.00,0.00
2026-05-03T00:00,12.7,0.00,10.8,1013.9,0.00,0.00
2026-05-03T01:00,14.2,0.00,12.3,1013.7,0.00,0.00
2026-05-03T02:00,16.7,0.00,14.7,1013.2,0.00,0.00
2026-05-03T03:00,19.6,0.00,17.7,1013.6,0.00,0.00
2026-05-03T04:00,23.1,0.00,21.6,1013.2,0.00,0.00
2026-05-03T05:00,25.4,0.00,24.0,1013.2,0.00,0.00
2026-05-03T06:00,27.2,0.00,25.3,1012.7,0.00,0.00
2026-05-03T07:00,28.1,0.00,25.7,1011.5,0.00,0.00
2026-05-03T08:00,28.4,0.00,24.8,1010.9,0.00,0.00
2026-05-03T09:00,28.4,0.00,25.3,1010.3,0.00,0.00
2026-05-03T10:00,28.3,0.00,24.7,1010.2,0.00,0.00
2026-05-03T11:00,27.8,0.00,24.4,1009.7,0.00,0.00
2026-05-03T12:00,27.1,0.00,24.4,1009.5,0.00,0.00
2026-05-03T13:00,26.0,0.00,24.2,1010.0,0.00,0.00
2026-05-03T14:00,24.6,0.00,23.3,1009.7,0.00,0.00
2026-05-03T15:00,23.2,0.00,21.4,1010.5,0.00,0.00
2026-05-03T16:00,21.8,0.00,20.7,1010.1,0.00,0.00
2026-05-03T17:00,21.2,0.00,20.1,1010.1,0.00,0.00
2026-05-03T18:00,20.8,0.20,18.6,1010.6,0.00,0.20
2026-05-03T19:00,19.6,0.00,16.5,1010.7,0.00,0.10
2026-05-03T20:00,18.5,0.00,16.5,1010.9,0.00,0.00
2026-05-03T21:00,17.7,0.00,16.3,1011.5,0.00,0.00
2026-05-03T22:00,17.8,0.00,15.9,1011.6,0.00,0.00
2026-05-03T23:00,16.9,0.10,15.6,1011.7,0.00,0.10
2026-05-04T00:00,16.7,0.00,15.6,1012.1,0.00,0.00
2026-05-04T01:00,16.7,0.00,15.6,1011.8,0.00,0.00
2026-05-04T02:00,17.9,0.00,16.4,1012.6,0.00,0.00
2026-05-04T03:00,19.0,0.00,17.5,1012.7,0.00,0.00
2026-05-04T04:00,20.1,0.00,18.4,1012.6,0.00,0.00
2026-05-04T05:00,21.0,0.00,19.4,1012.8,0.00,0.00
2026-05-04T06:00,21.5,0.00,19.7,1012.3,0.00,0.00
2026-05-04T07:00,21.9,0.00,20.3,1012.4,0.00,0.00
2026-05-04T08:00,22.2,0.00,20.4,1011.6,0.00,0.00
2026-05-04T09:00,21.8,0.00,20.4,1011.6,0.00,0.00
2026-05-04T10:00,21.9,0.00,20.6,1011.0,0.00,0.00
2026-05-04T11:00,22.1,0.00,21.0,1011.1,0.00,0.00
2026-05-04T12:00,21.6,0.00,20.4,1011.3,0.00,0.00
2026-05-04T13:00,20.7,0.00,19.5,1011.4,0.00,0.00
2026-05-04T14:00,20.1,0.00,18.9,1011.5,0.00,0.00
2026-05-04T15:00,18.8,0.00,18.2,1011.8,0.00,0.00
2026-05-04T16:00,17.6,0.00,16.9,1012.1,0.00,0.00
2026-05-04T17:00,16.6,0.00,15.6,1011.9,0.00,0.00
2026-05-04T18:00,15.9,0.00,14.9,1011.7,0.00,0.00
2026-05-04T19:00,15.6,0.00,14.8,1011.8,0.00,0.00
2026-05-04T20:00,15.2,0.00,14.1,1011.0,0.00,0.00
2026-05-04T21:00,15.1,0.10,15.0,1011.0,0.00,0.10
2026-05-04T22:00,14.5,0.10,13.9,1011.0,0.00,0.10
2026-05-04T23:00,13.8,0.00,13.0,1010.4,0.00,0.00
2026-05-05T00:00,13.6,0.10,12.9,1010.5,0.00,0.10
2026-05-05T01:00,13.6,0.30,12.4,1010.0,0.00,0.30
2026-05-05T02:00,14.3,0.10,13.3,1009.5,0.00,0.10
2026-05-05T03:00,15.1,0.00,15.1,1010.1,0.00,0.00
2026-05-05T04:00,15.9,0.00,16.2,1009.5,0.00,0.00
2026-05-05T05:00,16.6,0.10,16.7,1009.5,0.00,0.10
2026-05-05T06:00,17.1,0.00,16.7,1009.5,0.00,0.00
2026-05-05T07:00,18.1,0.00,17.6,1008.9,0.00,0.00
2026-05-05T08:00,18.6,0.00,17.8,1008.5,0.00,0.00
2026-05-05T09:00,19.1,0.00,18.2,1008.0,0.00,0.00
2026-05-05T10:00,18.3,0.00,17.4,1007.6,0.00,0.00
2026-05-05T11:00,17.6,0.00,16.4,1007.6,0.00,0.00
2026-05-05T12:00,16.5,0.00,15.3,1007.6,0.00,0.00
2026-05-05T13:00,16.0,0.00,14.7,1007.0,0.00,0.00
2026-05-05T14:00,14.9,0.00,13.5,1007.4,0.00,0.00
2026-05-05T15:00,14.1,0.00,12.7,1007.7,0.00,0.00
2026-05-05T16:00,13.3,0.00,12.0,1007.7,0.00,0.00
2026-05-05T17:00,12.6,0.00,11.1,1008.3,0.00,0.00
2026-05-05T18:00,12.2,0.10,10.7,1007.6,0.00,0.10
2026-05-05T19:00,12.2,0.10,10.7,1007.5,0.00,0.10
2026-05-05T20:00,11.9,0.30,10.8,1007.2,0.00,0.30
2026-05-05T21:00,11.6,3.30,10.1,1006.2,0.00,3.30
2026-05-05T22:00,11.5,2.90,9.8,1005.7,0.00,2.90
2026-05-05T23:00,11.6,0.90,10.6,1005.6,0.00,0.90
2026-05-06T00:00,11.4,1.10,9.8,1005.3,0.00,1.10
2026-05-06T01:00,11.1,2.70,9.1,1004.7,0.00,2.70
2026-05-06T02:00,11.1,0.40,9.4,1005.2,0.00,0.40
2026-05-06T03:00,11.0,3.30,9.6,1005.5,0.00,3.30
2026-05-06T04:00,11.3,0.70,9.7,1005.9,0.00,0.70
2026-05-06T05:00,11.8,0.20,10.3,1005.7,0.00,0.20
2026-05-06T06:00,11.9,0.00,10.1,1006.4,0.00,0.00
2026-05-06T07:00,12.3,0.00,11.0,1007.1,0.00,0.00
2026-05-06T08:00,12.4,0.00,10.7,1007.0,0.00,0.00
2026-05-06T09:00,12.4,0.00,10.4,1007.2,0.00,0.00
2026-05-06T10:00,12.7,0.00,10.6,1006.7,0.00,0.00
2026-05-06T11:00,12.6,0.00,10.4,1006.9,0.00,0.00
2026-05-06T12:00,12.2,0.00,10.0,1007.2,0.00,0.00
2026-05-06T13:00,11.6,0.00,9.5,1007.5,0.00,0.00
2026-05-06T14:00,11.2,0.00,8.8,1007.9,0.00,0.00
2026-05-06T15:00,10.5,0.00,8.3,1007.8,0.00,0.00
2026-05-06T16:00,10.4,0.00,8.0,1008.8,0.00,0.00
2026-05-06T17:00,9.5,0.00,6.5,1008.9,0.00,0.00
2026-05-06T18:00,8.6,0.00,5.7,1009.8,0.00,0.00
2026-05-06T19:00,7.9,0.00,4.9,1009.6,0.00,0.00
2026-05-06T20:00,7.4,0.00,4.2,1010.6,0.00,0.00
2026-05-06T21:00,7.3,0.00,4.4,1010.7,0.00,0.00
2026-05-06T22:00,7.6,0.00,4.9,1010.4,0.00,0.00
2026-05-06T23:00,7.5,0.00,4.6,1010.7,0.00,0.00
2026-05-07T00:00,7.6,0.00,4.7,1011.5,0.00,0.00
2026-05-07T01:00,7.8,0.00,5.0,1012.0,0.00,0.00
2026-05-07T02:00,8.2,0.00,5.2,1012.3,0.00,0.00
2026-05-07T03:00,8.2,0.00,5.0,1013.0,0.00,0.00
2026-05-07T04:00,8.4,0.00,5.2,1013.5,0.00,0.00
2026-05-07T05:00,9.0,0.00,6.0,1014.3,0.00,0.00
2026-05-07T06:00,9.6,0.00,6.7,1014.8,0.00,0.00
2026-05-07T07:00,10.0,0.00,6.8,1014.5,0.00,0.00
2026-05-07T08:00,10.4,0.00,7.5,1015.2,0.00,0.00
2026-05-07T09:00,11.1,0.00,8.2,1015.4,0.00,0.00
2026-05-07T10:00,11.0,0.00,8.6,1015.4,0.00,0.00
2026-05-07T11:00,11.0,0.00,8.8,1016.4,0.00,0.00
2026-05-07T12:00,11.0,0.00,8.8,1016.6,0.00,0.00
2026-05-07T13:00,10.8,0.00,9.6,1016.5,0.00,0.00
2026-05-07T14:00,11.0,0.10,9.5,1017.0,0.00,0.10
2026-05-07T15:00,10.6,0.00,9.3,1017.8,0.00,0.00
2026-05-07T16:00,9.6,0.00,8.7,1018.7,0.00,0.00
2026-05-07T17:00,9.9,0.00,8.3,1018.4,0.00,0.00
2026-05-07T18:00,9.2,0.00,7.2,1018.7,0.00,0.00
2026-05-07T19:00,9.0,0.00,7.4,1019.0,0.00,0.00
2026-05-07T20:00,8.3,0.00,6.2,1018.8,0.00,0.00
2026-05-07T21:00,7.6,0.00,5.2,1019.6,0.00,0.00
2026-05-07T22:00,7.3,0.00,4.9,1019.9,0.00,0.00
2026-05-07T23:00,7.2,0.00,4.8,1019.7,0.00,0.00
2026-05-08T00:00,7.2,0.00,4.8,1020.0,0.00,0.00
2026-05-08T01:00,7.9,0.00,5.4,1019.5,0.00,0.00
2026-05-08T02:00,8.7,0.00,6.1,1020.4,0.00,0.00
2026-05-08T03:00,9.8,0.00,7.5,1020.7,0.00,0.00
2026-05-08T04:00,11.3,0.00,9.1,1020.8,0.00,0.00
2026-05-08T05:00,12.3,0.00,10.3,1020.6,0.00,0.00
2026-05-08T06:00,12.5,0.00,10.2,1020.4,0.00,0.00
2026-05-08T07:00,12.9,0.00,11.3,1020.3,0.00,0.00
2026-05-08T08:00,13.5,0.00,11.4,1020.4,0.00,0.00
2026-05-08T09:00,13.6,0.00,11.3,1020.2,0.00,0.00
2026-05-08T10:00,13.9,0.00,11.5,1019.6,0.00,0.00
2026-05-08T11:00,13.8,0.00,11.8,1019.8,0.00,0.00
2026-05-08T12:00,13.8,0.00,11.5,1020.1,0.00,0.00
2026-05-08T13:00,13.3,0.10,10.7,1020.2,0.00,0.10
2026-05-08T14:00,12.6,0.00,10.6,1020.4,0.00,0.00
2026-05-08T15:00,11.7,0.00,10.1,1021.1,0.00,0.00
2026-05-08T16:00,11.4,0.00,10.2,1021.2,0.00,0.00
2026-05-08T17:00,10.6,0.00,9.3,1021.0,0.00,0.00
2026-05-08T18:00,10.0,0.00,8.2,1021.2,0.00,0.00
2026-05-08T19:00,9.7,0.00,8.1,1021.5,0.00,0.00
2026-05-08T20:00,9.1,0.00,7.2,1021.4,0.00,0.00
2026-05-08T21:00,8.7,0.00,6.8,1021.6,0.00,0.00
2026-05-08T22:00,8.5,0.00,6.9,1022.0,0.00,0.00
2026-05-08T23:00,8.5,0.00,6.8,1021.6,0.00,0.00
2026-05-09T00:00,8.9,0.00,7.0,1021.4,0.00,0.00
2026-05-09T01:00,9.8,0.00,7.8,1021.6,0.00,0.00
2026-05-09T02:00,10.8,0.00,8.9,1021.7,0.00,0.00
2026-05-09T03:00,12.4,0.00,10.5,1022.0,0.00,0.00
2026-05-09T04:00,13.8,0.00,12.6,1021.6,0.00,0.00
2026-05-09T05:00,15.2,0.00,14.0,1021.4,0.00,0.00
2026-05-09T06:00,16.0,0.00,14.9,1020.7,0.00,0.00
2026-05-09T07:00,15.5,0.00,13.1,1020.8,0.00,0.00
2026-05-09T08:00,15.6,0.00,13.4,1020.4,0.00,0.00
2026-05-09T09:00,16.0,0.00,13.9,1020.2,0.00,0.00
2026-05-09T10:00,16.4,0.00,14.0,1019.7,0.00,0.00
2026-05-09T11:00,16.5,0.00,14.2,1019.2,0.00,0.00
2026-05-09T12:00,16.5,0.00,14.1,1018.7,0.00,0.00
2026-05-09T13:00,15.9,0.00,13.5,1018.1,0.00,0.00
2026-05-09T14:00,15.3,0.00,13.2,1018.2,0.00,0.00
2026-05-09T15:00,14.5,0.00,12.7,1018.5,0.00,0.00
2026-05-09T16:00,12.3,0.00,11.1,1019.2,0.00,0.00
2026-05-09T17:00,11.7,0.00,10.5,1019.1,0.00,0.00
2026-05-09T18:00,11.2,0.00,9.8,1019.0,0.00,0.00
2026-05-09T19:00,10.0,0.00,8.6,1018.5,0.00,0.00
2026-05-09T20:00,9.7,0.00,8.2,1018.0,0.00,0.00
2026-05-09T21:00,9.3,0.00,7.2,1017.0,0.00,0.00
2026-05-09T22:00,8.4,0.00,6.4,1016.1,0.00,0.00
2026-05-09T23:00,8.2,0.00,6.0,1016.5,0.00,0.00
2026-05-10T00:00,8.6,0.00,6.5,1015.7,0.00,0.00
2026-05-10T01:00,10.0,0.00,8.2,1015.7,0.00,0.00
2026-05-10T02:00,11.7,0.00,10.2,1015.6,0.00,0.00
2026-05-10T03:00,13.5,0.00,11.9,1014.9,0.00,0.00
2026-05-10T04:00,15.7,0.00,14.3,1014.3,0.00,0.00
2026-05-10T05:00,17.0,0.00,15.9,1013.8,0.00,0.00
2026-05-10T06:00,18.1,0.00,17.3,1012.8,0.00,0.00
2026-05-10T07:00,19.2,0.00,18.1,1011.8,0.00,0.00
2026-05-10T08:00,20.1,0.00,18.5,1011.6,0.00,0.00
2026-05-10T09:00,20.0,0.00,17.7,1011.2,0.00,0.00
2026-05-10T10:00,20.6,0.00,18.7,1009.8,0.00,0.00
2026-05-10T11:00,20.7,0.00,19.0,1009.4,0.00,0.00
2026-05-10T12:00,20.3,0.00,17.9,1009.0,0.00,0.00
2026-05-10T13:00,19.1,0.00,16.4,1008.4,0.00,0.00
2026-05-10T14:00,18.2,0.00,16.0,1008.4,0.00,0.00
2026-05-10T15:00,16.8,0.00,14.8,1008.5,0.00,0.00
2026-05-10T16:00,15.1,0.00,12.9,1008.3,0.00,0.00
2026-05-10T17:00,14.4,0.00,12.2,1007.6,0.00,0.00
2026-05-10T18:00,13.7,0.00,11.7,1007.0,0.00,0.00
2026-05-10T19:00,13.5,0.00,11.5,1005.8,0.00,0.00
2026-05-10T20:00,12.9,0.00,10.8,1004.8,0.00,0.00
2026-05-10T21:00,12.4,0.00,10.2,1004.1,0.00,0.00
2026-05-10T22:00,12.6,0.00,10.6,1002.9,0.00,0.00
2026-05-10T23:00,12.5,0.00,10.4,1001.8,0.00,0.00
2026-05-11T00:00,12.5,0.10,10.7,1001.1,0.00,0.10
2026-05-11T01:00,13.1,0.00,11.4,999.8,0.00,0.00
2026-05-11T02:00,13.9,0.00,12.1,999.9,0.00,0.00
2026-05-11T03:00,14.9,0.10,13.1,999.1,0.00,0.10
2026-05-11T04:00,15.1,0.50,13.7,998.1,0.00,0.90
2026-05-11T05:00,16.0,0.20,14.3,997.1,0.00,0.20
2026-05-11T06:00,16.6,0.00,15.7,996.4,0.00,0.10
2026-05-11T07:00,16.5,0.10,14.8,996.1,0.00,0.10
2026-05-11T08:00,14.3,0.00,11.3,996.9,0.00,0.00
2026-05-11T09:00,13.3,0.00,10.3,997.1,0.00,0.00
2026-05-11T10:00,14.2,0.00,11.0,997.4,0.00,0.00
2026-05-11T11:00,12.9,0.00,9.6,998.7,0.00,0.00
2026-05-11T12:00,11.4,0.00,8.2,999.2,0.00,0.00
2026-05-11T13:00,9.8,0.00,6.5,1000.7,0.00,0.00
2026-05-11T14:00,9.0,0.00,5.7,1001.1,0.00,0.00
2026-05-11T15:00,8.8,0.00,5.7,1001.7,0.00,0.00
2026-05-11T16:00,8.9,0.00,6.1,1001.7,0.00,0.00
2026-05-11T17:00,9.0,0.00,6.5,1002.8,0.00,0.00
2026-05-11T18:00,8.6,0.00,5.9,1002.8,0.00,0.00
2026-05-11T19:00,8.1,0.00,5.6,1002.9,0.00,0.00
2026-05-11T20:00,7.8,0.00,4.8,1002.8,0.00,0.00
2026-05-11T21:00,7.3,0.00,4.2,1003.3,0.00,0.00
2026-05-11T22:00,6.4,0.00,3.1,1004.2,0.00,0.00
2026-05-11T23:00,5.8,0.00,2.4,1004.1,0.00,0.00
2026-05-12T00:00,5.9,0.00,2.6,1005.1,0.00,0.00
2026-05-12T01:00,6.9,0.00,2.9,1005.6,0.00,0.00
2026-05-12T02:00,7.7,0.00,4.0,1005.2,0.00,0.00
2026-05-12T03:00,8.2,0.00,4.4,1005.6,0.00,0.00
2026-05-12T04:00,9.0,0.00,5.4,1006.1,0.00,0.00
2026-05-12T05:00,9.8,0.00,6.3,1005.2,0.00,0.00
2026-05-12T06:00,9.6,0.30,6.0,1005.2,0.00,0.30
2026-05-12T07:00,9.8,0.00,6.5,1005.7,0.00,0.00
2026-05-12T08:00,11.0,0.00,7.7,1005.1,0.00,0.00
2026-05-12T09:00,10.1,0.50,7.1,1005.6,0.00,0.50
2026-05-12T10:00,12.4,0.00,8.9,1005.7,0.00,0.00
2026-05-12T11:00,10.5,2.40,7.2,1006.0,0.00,2.40
2026-05-12T12:00,9.4,1.10,5.3,1006.6,0.00,1.10
2026-05-12T13:00,8.1,0.10,4.8,1007.9,0.00,0.10
2026-05-12T14:00,7.4,1.70,4.1,1007.1,0.00,2.10
2026-05-12T15:00,7.5,0.50,4.8,1006.8,0.00,0.50
2026-05-12T16:00,7.8,1.00,5.1,1007.2,0.00,1.00
2026-05-12T17:00,8.0,0.30,5.1,1006.9,0.00,0.30
2026-05-12T18:00,7.7,0.00,4.7,1006.7,0.00,0.00
2026-05-12T19:00,7.0,0.00,4.2,1006.9,0.00,0.00
2026-05-12T20:00,6.5,0.00,3.9,1006.1,0.00,0.00
2026-05-12T21:00,6.3,0.00,3.9,1005.4,0.00,0.00
2026-05-12T22:00,6.3,0.00,4.0,1005.1,0.00,0.00
2026-05-12T23:00,6.3,0.00,3.9,1004.0,0.00,0.00
2026-05-13T00:00,6.9,0.00,4.3,1003.9,0.00,0.00
2026-05-13T01:00,7.2,0.10,4.6,1003.2,0.00,0.10
2026-05-13T02:00,7.8,0.30,5.0,1002.3,0.00,0.30
2026-05-13T03:00,9.2,0.00,5.6,1002.1,0.00,0.00
2026-05-13T04:00,9.0,0.10,6.1,1001.6,0.00,0.10
2026-05-13T05:00,10.2,0.10,7.4,1001.6,0.00,0.10
2026-05-13T06:00,10.4,0.70,7.4,1001.5,0.00,0.70
2026-05-13T07:00,12.2,0.00,9.6,1000.4,0.00,0.00
2026-05-13T08:00,12.3,0.50,9.1,1000.4,0.00,0.50
2026-05-13T09:00,13.0,0.10,9.5,1000.3,0.00,0.10
2026-05-13T10:00,12.9,0.10,9.3,999.9,0.00,0.10
2026-05-13T11:00,12.9,0.00,9.6,999.7,0.00,0.00
2026-05-13T12:00,12.6,0.00,9.1,999.7,0.00,0.00
2026-05-13T13:00,11.6,0.00,8.6,999.5,0.00,0.00
2026-05-13T14:00,10.5,0.00,8.1,999.2,0.00,0.00
2026-05-13T15:00,9.4,0.00,6.9,999.8,0.00,0.00
2026-05-13T16:00,8.5,0.00,6.2,999.2,0.00,0.00
2026-05-13T17:00,8.3,0.00,6.2,998.8,0.00,0.00
2026-05-13T18:00,8.2,0.40,6.2,998.4,0.00,0.40
2026-05-13T19:00,8.5,0.50,6.5,998.1,0.00,0.50
2026-05-13T20:00,8.1,0.00,6.0,997.2,0.00,0.00
2026-05-13T21:00,7.8,0.00,5.4,997.0,0.00,0.00
2026-05-13T22:00,7.7,0.00,5.7,996.8,0.00,0.00
2026-05-13T23:00,7.6,0.00,5.5,996.2,0.00,0.00
2026-05-14T00:00,8.0,0.00,5.5,996.4,0.00,0.10
2026-05-14T01:00,8.5,0.30,5.8,996.7,0.00,0.30
2026-05-14T02:00,8.8,0.30,5.9,996.9,0.00,0.30
2026-05-14T03:00,9.1,1.20,5.6,997.0,0.00,1.20
2026-05-14T04:00,9.4,0.00,6.4,996.7,0.00,0.00
2026-05-14T05:00,10.7,0.00,7.9,997.4,0.00,0.10
2026-05-14T06:00,11.5,0.20,8.2,997.8,0.00,0.20
2026-05-14T07:00,11.4,0.10,8.5,997.4,0.00,0.20
2026-05-14T08:00,11.5,1.20,8.7,998.0,0.00,1.20
2026-05-14T09:00,12.4,0.20,10.6,997.7,0.00,0.20
2026-05-14T10:00,13.6,0.00,11.1,997.3,0.00,0.00
2026-05-14T11:00,13.6,0.00,11.0,997.2,0.00,0.00
2026-05-14T12:00,13.2,0.00,10.2,997.8,0.00,0.00
2026-05-14T13:00,12.9,0.00,10.0,998.3,0.00,0.00
2026-05-14T14:00,11.9,0.00,9.3,998.9,0.00,0.00
2026-05-14T15:00,11.0,0.00,9.0,999.0,0.00,0.00
2026-05-14T16:00,9.8,0.00,8.2,999.3,0.00,0.00
2026-05-14T17:00,8.9,0.00,7.1,999.8,0.00,0.00
2026-05-14T18:00,8.1,0.00,6.4,1000.0,0.00,0.00
2026-05-14T19:00,7.3,0.00,5.8,999.9,0.00,0.00
2026-05-14T20:00,6.6,0.00,4.9,999.9,0.00,0.00
2026-05-14T21:00,6.2,0.00,4.5,1000.2,0.00,0.00
2026-05-14T22:00,5.7,0.00,4.2,999.8,0.00,0.00
2026-05-14T23:00,5.7,0.00,4.2,1000.0,0.00,0.00
2026-05-15T00:00,5.2,0.00,3.2,1000.7,0.00,0.00
2026-05-15T01:00,8.0,0.00,6.2,1000.3,0.00,0.00
2026-05-15T02:00,9.4,0.00,8.1,1000.9,0.00,0.00
2026-05-15T03:00,11.2,0.00,9.6,1001.0,0.00,0.00
2026-05-15T04:00,13.1,0.00,11.2,1000.7,0.00,0.00
2026-05-15T05:00,14.1,0.00,12.0,1000.7,0.00,0.00
2026-05-15T06:00,14.3,0.00,11.3,1000.9,0.00,0.00
2026-05-15T07:00,15.4,0.00,12.5,1000.8,0.00,0.00
2026-05-15T08:00,15.3,0.00,12.7,1000.7,0.00,0.00
2026-05-15T09:00,15.1,0.00,12.5,1000.9,0.00,0.00
2026-05-15T10:00,15.0,0.00,12.2,1001.0,0.00,0.00
2026-05-15T11:00,15.0,0.00,12.1,1000.9,0.00,0.00
2026-05-15T12:00,14.9,0.00,11.6,1001.3,0.00,0.00
2026-05-15T13:00,14.3,0.00,11.8,1001.8,0.00,0.00
2026-05-15T14:00,13.7,0.00,11.3,1001.8,0.00,0.00
2026-05-15T15:00,13.0,0.00,10.8,1002.4,0.00,0.00
2026-05-15T16:00,12.0,0.00,10.3,1002.6,0.00,0.00
2026-05-15T17:00,11.5,0.00,9.8,1003.1,0.00,0.00
2026-05-15T18:00,10.8,0.00,9.1,1003.4,0.00,0.00
2026-05-15T19:00,9.8,0.00,8.0,1003.2,0.00,0.00
2026-05-15T20:00,9.1,0.00,7.0,1003.3,0.00,0.00
2026-05-15T21:00,8.1,0.00,5.7,1003.6,0.00,0.00
2026-05-15T22:00,6.9,0.00,4.5,1003.7,0.00,0.00
2026-05-15T23:00,6.4,0.00,4.0,1004.5,0.00,0.00
2026-05-16T00:00,6.8,0.00,4.4,1005.2,0.00,0.00
2026-05-16T01:00,8.0,0.00,5.7,1004.5,0.00,0.00
2026-05-16T02:00,9.6,0.00,7.0,1005.0,0.00,0.00
2026-05-16T03:00,11.2,0.00,7.9,1005.6,0.00,0.00
2026-05-16T04:00,12.2,0.00,8.8,1005.7,0.00,0.00
2026-05-16T05:00,12.9,0.00,9.5,1005.9,0.00,0.00
2026-05-16T06:00,13.9,0.00,10.9,1006.6,0.00,0.00
2026-05-16T07:00,13.7,0.00,11.0,1006.7,0.00,0.00
2026-05-16T08:00,13.9,0.00,10.6,1007.5,0.00,0.00
2026-05-16T09:00,14.3,0.00,10.2,1007.7,0.00,0.00
2026-05-16T10:00,14.2,0.00,10.7,1008.1,0.00,0.00
2026-05-16T11:00,14.1,0.00,10.4,1008.4,0.00,0.00
2026-05-16T12:00,13.9,0.00,10.1,1008.9,0.00,0.00
2026-05-16T13:00,13.7,0.00,10.9,1009.3,0.00,0.00
2026-05-16T14:00,13.2,0.00,10.3,1010.1,0.00,0.00
2026-05-16T15:00,12.3,0.00,10.1,1010.9,0.00,0.00
2026-05-16T16:00,11.3,0.00,9.1,1011.4,0.00,0.00
2026-05-16T17:00,10.7,0.00,8.7,1012.1,0.00,0.00
2026-05-16T18:00,10.1,0.00,7.9,1012.8,0.00,0.00
2026-05-16T19:00,8.6,0.00,7.0,1013.5,0.00,0.00
2026-05-16T20:00,8.0,0.00,6.4,1013.6,0.00,0.00
2026-05-16T21:00,7.3,0.00,5.6,1013.6,0.00,0.00
2026-05-16T22:00,6.3,0.00,4.3,1013.9,0.00,0.00
2026-05-16T23:00,6.1,0.00,4.0,1014.4,0.00,0.00
2026-05-17T00:00,6.7,0.00,4.6,1015.1,0.00,0.00
2026-05-17T01:00,8.6,0.00,6.3,1015.1,0.00,0.00
2026-05-17T02:00,10.7,0.00,8.4,1015.1,0.00,0.00
2026-05-17T03:00,13.0,0.00,10.8,1015.5,0.00,0.00
2026-05-17T04:00,15.0,0.00,12.8,1015.7,0.00,0.00
2026-05-17T05:00,16.1,0.00,13.5,1015.2,0.00,0.00
2026-05-17T06:00,17.0,0.00,15.2,1015.0,0.00,0.00
2026-05-17T07:00,17.7,0.00,14.8,1014.7,0.00,0.00
2026-05-17T08:00,18.0,0.00,16.1,1014.3,0.00,0.00
2026-05-17T09:00,18.2,0.00,15.0,1014.1,0.00,0.00
2026-05-17T10:00,18.4,0.00,14.9,1014.4,0.00,0.00
2026-05-17T11:00,18.0,0.00,14.8,1013.9,0.00,0.00
2026-05-17T12:00,17.6,0.00,14.4,1014.2,0.00,0.00
2026-05-17T13:00,16.9,0.00,14.3,1014.8,0.00,0.00
2026-05-17T14:00,16.3,0.00,13.6,1014.4,0.00,0.00
2026-05-17T15:00,15.4,0.00,12.8,1015.2,0.00,0.00
2026-05-17T16:00,14.4,0.00,12.1,1015.1,0.00,0.00
2026-05-17T17:00,13.7,0.00,11.7,1015.5,0.00,0.00
2026-05-17T18:00,12.9,0.00,10.9,1015.7,0.00,0.00
2026-05-17T19:00,11.2,0.00,9.0,1015.5,0.00,0.00
2026-05-17T20:00,10.6,0.00,8.3,1015.6,0.00,0.00
2026-05-17T21:00,10.0,0.00,7.7,1015.5,0.00,0.00
2026-05-17T22:00,8.6,0.00,6.3,1015.5,0.00,0.00
2026-05-17T23:00,8.4,0.00,5.8,1015.4,0.00,0.00
2026-05-18T00:00,9.1,0.00,6.4,1015.7,0.00,0.00
2026-05-18T01:00,10.3,0.00,7.6,1015.9,0.00,0.00
2026-05-18T02:00,12.3,0.00,9.5,1015.7,0.00,0.00
2026-05-18T03:00,14.6,0.00,11.4,1016.0,0.00,0.00
2026-05-18T04:00,16.6,0.00,13.9,1015.6,0.00,0.00
2026-05-18T05:00,17.6,0.00,15.4,1014.9,0.00,0.00
2026-05-18T06:00,17.9,0.00,15.0,1015.1,0.00,0.00
2026-05-18T07:00,18.4,0.00,16.0,1014.8,0.00,0.00
2026-05-18T08:00,19.0,0.00,16.3,1013.8,0.00,0.00
2026-05-18T09:00,19.1,0.00,16.3,1013.7,0.00,0.00
2026-05-18T10:00,19.1,0.00,16.6,1014.1,0.00,0.00
2026-05-18T11:00,19.1,0.00,16.3,1013.5,0.00,0.00
2026-05-18T12:00,18.9,0.00,15.7,1014.0,0.00,0.00
2026-05-18T13:00,18.4,0.00,15.3,1014.2,0.00,0.00
2026-05-18T14:00,16.7,0.00,14.1,1014.4,0.00,0.00
2026-05-18T15:00,15.6,0.00,13.5,1014.9,0.00,0.00
2026-05-18T16:00,14.1,0.00,11.8,1015.3,0.00,0.00
2026-05-18T17:00,12.9,0.00,10.4,1015.6,0.00,0.00
2026-05-18T18:00,11.8,0.00,9.6,1016.1,0.00,0.00
2026-05-18T19:00,11.1,0.00,9.1,1016.4,0.00,0.00
2026-05-18T20:00,10.5,0.00,8.5,1015.9,0.00,0.00
2026-05-18T21:00,10.1,0.00,8.4,1016.2,0.00,0.00
2026-05-18T22:00,10.0,0.00,8.1,1016.2,0.00,0.00
2026-05-18T23:00,10.1,0.00,8.7,1016.4,0.00,0.00
2026-05-19T00:00,10.5,0.00,9.1,1017.1,0.00,0.00
2026-05-19T01:00,11.5,0.00,10.4,1017.2,0.00,0.00
2026-05-19T02:00,12.9,0.00,11.5,1017.5,0.00,0.00
2026-05-19T03:00,15.0,0.00,13.6,1017.8,0.00,0.00
2026-05-19T04:00,16.0,0.00,14.3,1018.4,0.00,0.00
2026-05-19T05:00,16.6,0.00,14.9,1018.0,0.00,0.00
2026-05-19T06:00,17.4,0.00,15.8,1018.1,0.00,0.00
2026-05-19T07:00,18.4,0.00,17.7,1018.1,0.00,0.00
2026-05-19T08:00,19.4,0.00,18.4,1017.8,0.00,0.00
2026-05-19T09:00,19.6,0.00,16.4,1017.5,0.00,0.00
2026-05-19T10:00,20.1,0.00,17.8,1017.6,0.00,0.00
2026-05-19T11:00,20.2,0.00,17.7,1017.1,0.00,0.00
2026-05-19T12:00,20.2,0.00,17.4,1017.7,0.00,0.00
2026-05-19T13:00,19.6,0.00,17.2,1017.7,0.00,0.00
2026-05-19T14:00,18.6,0.00,16.2,1018.2,0.00,0.00
2026-05-19T15:00,17.7,0.00,16.2,1018.6,0.00,0.00
2026-05-19T16:00,16.8,0.00,15.7,1018.9,0.00,0.00
2026-05-19T17:00,15.9,0.00,14.5,1019.2,0.00,0.00
2026-05-19T18:00,15.1,0.00,13.8,1019.5,0.00,0.00
2026-05-19T19:00,14.7,0.00,13.4,1019.3,0.00,0.00
2026-05-19T20:00,14.3,0.00,13.1,1019.1,0.00,0.00
2026-05-19T21:00,14.2,0.00,13.1,1018.8,0.00,0.00
2026-05-19T22:00,14.0,0.00,12.9,1018.9,0.00,0.00
2026-05-19T23:00,13.9,0.00,12.8,1019.3,0.00,0.00
2026-05-20T00:00,14.2,0.00,13.2,1019.5,0.00,0.00
2026-05-20T01:00,14.8,0.00,13.5,1019.6,0.00,0.00
2026-05-20T02:00,15.4,0.00,13.9,1019.8,0.00,0.00
2026-05-20T03:00,15.9,0.10,14.8,1020.1,0.00,0.10
2026-05-20T04:00,16.5,0.10,15.5,1020.2,0.00,0.10
2026-05-20T05:00,17.7,0.00,16.5,1020.4,0.00,0.00
2026-05-20T06:00,18.8,0.00,17.3,1020.4,0.00,0.00
2026-05-20T07:00,20.2,0.00,19.7,1020.0,0.00,0.00
2026-05-20T08:00,20.8,0.00,20.0,1019.5,0.00,0.00
2026-05-20T09:00,17.6,4.90,17.5,1020.2,0.00,4.90
2026-05-20T10:00,17.1,1.20,16.4,1020.4,0.00,1.20
2026-05-20T11:00,18.2,0.00,17.5,1020.7,0.00,0.00
2026-05-20T12:00,18.5,0.00,17.6,1021.2,0.00,0.00
2026-05-20T13:00,17.6,0.40,17.1,1021.6,0.00,0.40
2026-05-20T14:00,17.4,0.10,16.7,1022.3,0.00,0.10
2026-05-20T15:00,16.6,0.00,16.2,1022.9,0.00,0.00
2026-05-20T16:00,15.7,0.00,15.4,1023.3,0.00,0.00
2026-05-20T17:00,15.1,0.00,14.8,1023.7,0.00,0.00
2026-05-20T18:00,14.3,0.00,14.1,1024.2,0.00,0.00
2026-05-20T19:00,13.7,0.00,13.0,1024.5,0.00,0.00
2026-05-20T20:00,13.0,0.00,12.2,1024.7,0.00,0.00
2026-05-20T21:00,12.5,0.00,11.6,1024.9,0.00,0.00
2026-05-20T22:00,12.1,0.00,11.3,1025.2,0.00,0.00
2026-05-20T23:00,11.9,0.00,11.1,1025.6,0.00,0.00
2026-05-21T00:00,12.4,0.00,11.5,1026.2,0.00,0.00
2026-05-21T01:00,13.5,0.00,12.5,1026.8,0.00,0.00
2026-05-21T02:00,14.9,0.00,14.0,1027.1,0.00,0.00
2026-05-21T03:00,16.5,0.00,15.6,1027.1,0.00,0.00
2026-05-21T04:00,18.2,0.00,17.0,1027.1,0.00,0.00
2026-05-21T05:00,19.5,0.00,18.2,1026.9,0.00,0.00
2026-05-21T06:00,20.2,0.00,19.2,1026.7,0.00,0.00
2026-05-21T07:00,20.8,0.00,19.0,1026.5,0.00,0.00
2026-05-21T08:00,20.9,0.00,18.6,1026.3,0.00,0.00
2026-05-21T09:00,20.9,0.00,18.5,1026.2,0.00,0.00
2026-05-21T10:00,20.5,0.00,18.2,1026.2,0.00,0.00
2026-05-21T11:00,20.0,0.00,18.4,1026.5,0.00,0.00
2026-05-21T12:00,20.2,0.00,18.5,1026.6,0.00,0.00
2026-05-21T13:00,19.5,0.00,18.0,1026.9,0.00,0.00
2026-05-21T14:00,18.3,0.00,17.7,1027.2,0.00,0.00
2026-05-21T15:00,17.0,0.00,16.7,1027.5,0.00,0.00
2026-05-21T16:00,16.2,0.00,16.0,1027.4,0.00,0.00
2026-05-21T17:00,15.5,0.00,15.3,1027.4,0.00,0.00
2026-05-21T18:00,15.1,0.00,14.9,1027.8,0.00,0.00
2026-05-21T19:00,14.6,0.00,14.3,1028.0,0.00,0.00
2026-05-21T20:00,14.3,0.00,13.9,1028.1,0.00,0.00
2026-05-21T21:00,14.2,0.00,13.8,1027.9,0.00,0.00
2026-05-21T22:00,14.0,0.00,13.5,1027.8,0.00,0.00
2026-05-21T23:00,14.0,0.00,13.5,1028.0,0.00,0.00
2026-05-22T00:00,14.9,0.00,14.5,1028.4,0.00,0.00
2026-05-22T01:00,16.6,0.00,16.0,1028.8,0.00,0.00
2026-05-22T02:00,18.4,0.00,17.8,1029.0,0.00,0.00
2026-05-22T03:00,20.3,0.00,19.7,1029.2,0.00,0.00
2026-05-22T04:00,22.1,0.00,21.5,1029.1,0.00,0.00
2026-05-22T05:00,23.3,0.00,23.1,1029.1,0.00,0.00
2026-05-22T06:00,23.8,0.00,23.4,1029.0,0.00,0.00
2026-05-22T07:00,24.5,0.00,23.3,1028.6,0.00,0.00
2026-05-22T08:00,24.7,0.00,23.6,1028.4,0.00,0.00
2026-05-22T09:00,25.0,0.00,23.9,1028.2,0.00,0.00
2026-05-22T10:00,24.8,0.00,24.1,1027.9,0.00,0.00
2026-05-22T11:00,24.7,0.00,24.0,1027.6,0.00,0.00
2026-05-22T12:00,24.0,0.00,23.7,1027.6,0.00,0.00
2026-05-22T13:00,23.4,0.00,23.4,1027.8,0.00,0.00
2026-05-22T14:00,22.4,0.00,22.8,1027.9,0.00,0.00
2026-05-22T15:00,21.1,0.00,21.7,1028.1,0.00,0.00
2026-05-22T16:00,19.9,0.00,20.7,1028.2,0.00,0.00
2026-05-22T17:00,18.8,0.00,19.5,1028.3,0.00,0.00
2026-05-22T18:00,17.8,0.00,18.4,1028.4,0.00,0.00
2026-05-22T19:00,16.9,0.00,17.3,1028.5,0.00,0.00
2026-05-22T20:00,16.1,0.00,16.4,1028.5,0.00,0.00
2026-05-22T21:00,15.4,0.00,15.7,1028.4,0.00,0.00
2026-05-22T22:00,15.3,0.00,15.5,1028.4,0.00,0.00
2026-05-22T23:00,15.9,0.00,16.2,1028.5,0.00,0.00
2026-05-23T00:00,17.0,0.00,17.3,1028.6,0.00,0.00
2026-05-23T01:00,18.4,0.00,18.7,1028.7,0.00,0.00
2026-05-23T02:00,20.3,0.00,20.5,1028.6,0.00,0.00
2026-05-23T03:00,22.5,0.00,22.6,1028.5,0.00,0.00
2026-05-23T04:00,24.3,0.00,24.9,1028.2,0.00,0.00
2026-05-23T05:00,25.6,0.00,26.7,1027.7,0.00,0.00
2026-05-23T06:00,26.6,0.00,27.9,1027.1,0.00,0.00
2026-05-23T07:00,27.4,0.00,28.7,1026.5,0.00,0.00
2026-05-23T08:00,28.0,0.00,29.1,1025.8,0.00,0.00
2026-05-23T09:00,28.5,0.00,29.1,1025.0,0.00,0.00
2026-05-23T10:00,28.6,0.00,28.5,1024.4,0.00,0.00
2026-05-23T11:00,28.5,0.00,28.0,1024.0,0.00,0.00
2026-05-23T12:00,28.1,0.00,27.3,1023.6,0.00,0.00
2026-05-23T13:00,27.2,0.00,26.6,1023.4,0.00,0.00
2026-05-23T14:00,25.7,0.00,25.6,1023.3,0.00,0.00
2026-05-23T15:00,23.9,0.00,24.2,1023.3,0.00,0.00
2026-05-23T16:00,22.2,0.00,22.7,1023.3,0.00,0.00
2026-05-23T17:00,21.1,0.00,21.5,1023.3,0.00,0.00
2026-05-23T18:00,20.2,0.00,20.5,1023.2,0.00,0.00
2026-05-23T19:00,19.5,0.00,19.6,1023.1,0.00,0.00
2026-05-23T20:00,18.7,0.00,18.6,1022.9,0.00,0.00
2026-05-23T21:00,18.0,0.00,17.8,1022.6,0.00,0.00
2026-05-23T22:00,17.8,0.00,17.5,1022.5,0.00,0.00
2026-05-23T23:00,18.3,0.00,17.8,1022.7,0.00,0.00
2026-05-24T00:00,19.2,0.00,18.7,1023.0,0.00,0.00
2026-05-24T01:00,20.4,0.00,20.0,1023.4,0.00,0.00
2026-05-24T02:00,22.0,0.00,22.0,1023.7,0.00,0.00
2026-05-24T03:00,24.0,0.00,24.3,1024.1,0.00,0.00
2026-05-24T04:00,25.6,0.00,26.6,1024.4,0.00,0.00
2026-05-24T05:00,26.6,0.00,28.2,1024.7,0.00,0.00
2026-05-24T06:00,27.4,0.00,29.2,1024.9,0.00,0.00
2026-05-24T07:00,27.8,0.00,29.5,1025.1,0.00,0.00
2026-05-24T08:00,28.0,0.00,29.2,1025.4,0.00,0.00
2026-05-24T09:00,27.9,0.00,28.2,1025.6,0.00,0.00
2026-05-24T10:00,27.5,0.00,26.9,1025.8,0.00,0.00
2026-05-24T11:00,26.7,0.00,26.0,1026.1,0.00,0.00
2026-05-24T12:00,25.6,0.00,25.0,1026.5,0.00,0.00
2026-05-24T13:00,24.2,0.00,23.7,1027.0,0.00,0.00
2026-05-24T14:00,22.6,0.00,22.1,1027.6,0.00,0.00
2026-05-24T15:00,20.7,0.00,20.2,1028.4,0.00,0.00
2026-05-24T16:00,19.0,0.00,18.7,1029.0,0.00,0.00
2026-05-24T17:00,17.7,0.00,17.4,1029.4,0.00,0.00
2026-05-24T18:00,16.6,0.00,16.4,1029.7,0.00,0.00
2026-05-24T19:00,15.6,0.00,15.5,1029.9,0.00,0.00
2026-05-24T20:00,14.7,0.00,14.5,1030.1,0.00,0.00
2026-05-24T21:00,13.8,0.00,13.7,1030.3,0.00,0.00
2026-05-24T22:00,13.5,0.00,13.5,1030.6,0.00,0.00
2026-05-24T23:00,13.9,0.00,13.9,1031.0,0.00,0.00
2026-05-25T00:00,14.7,0.00,14.8,1031.4,0.00,0.00
2026-05-25T01:00,15.9,0.00,16.0,1031.7,0.00,0.00
2026-05-25T02:00,17.7,0.00,17.7,1031.8,0.00,0.00
2026-05-25T03:00,19.8,0.00,19.7,1031.8,0.00,0.00
2026-05-25T04:00,21.8,0.00,22.1,1031.6,0.00,0.00
2026-05-25T05:00,23.3,0.00,24.0,1031.3,0.00,0.00
2026-05-25T06:00,24.6,0.00,25.5,1030.8,0.00,0.00
2026-05-25T07:00,25.6,0.00,26.5,1030.4,0.00,0.00
2026-05-25T08:00,26.2,0.00,26.7,1030.0,0.00,0.00
2026-05-25T09:00,26.6,0.00,26.6,1029.5,0.00,0.00
2026-05-25T10:00,26.6,0.00,26.0,1029.1,0.00,0.00
2026-05-25T11:00,26.4,0.00,25.6,1028.8,0.00,0.00
2026-05-25T12:00,25.9,0.00,25.2,1028.5,0.00,0.00
2026-05-25T13:00,25.0,0.00,24.5,1028.4,0.00,0.00
2026-05-25T14:00,23.5,0.00,23.4,1028.5,0.00,0.00
2026-05-25T15:00,21.8,0.00,21.8,1028.8,0.00,0.00
2026-05-25T16:00,20.2,0.00,20.4,1029.0,0.00,0.00
2026-05-25T17:00,19.1,0.00,19.4,1029.1,0.00,0.00
2026-05-25T18:00,18.2,0.00,18.5,1029.1,0.00,0.00
2026-05-25T19:00,17.4,0.00,17.6,1029.1,0.00,0.00
2026-05-25T20:00,16.5,0.00,16.6,1029.1,0.00,0.00
2026-05-25T21:00,15.7,0.00,15.6,1029.0,0.00,0.00
2026-05-25T22:00,15.4,0.00,15.4,1029.0,0.00,0.00
2026-05-25T23:00,16.0,0.00,15.9,1029.0,0.00,0.00
2026-05-26T00:00,17.1,0.00,17.1,1029.1,0.00,0.00
2026-05-26T01:00,18.7,0.00,18.7,1029.1,0.00,0.00
2026-05-26T02:00,20.8,0.00,21.0,1029.1,0.00,0.00
2026-05-26T03:00,23.2,0.00,23.3,1029.0,0.00,0.00
2026-05-26T04:00,25.3,0.00,26.1,1028.8,0.00,0.00
2026-05-26T05:00,26.9,0.00,28.1,1028.4,0.00,0.00
2026-05-26T06:00,28.0,0.00,29.6,1027.9,0.00,0.00
2026-05-26T07:00,29.0,0.00,30.5,1027.3,0.00,0.00
2026-05-26T08:00,29.7,0.00,30.7,1026.7,0.00,0.00
2026-05-26T09:00,30.1,0.00,30.4,1026.2,0.00,0.00
2026-05-26T10:00,30.3,0.00,29.9,1025.7,0.00,0.00
2026-05-26T11:00,30.0,0.00,29.6,1025.4,0.00,0.00
2026-05-26T12:00,29.4,0.00,29.5,1025.2,0.00,0.00
2026-05-26T13:00,28.6,0.00,29.0,1025.1,0.00,0.00
2026-05-26T14:00,27.5,0.00,28.3,1025.1,0.00,0.00
2026-05-26T15:00,26.1,0.00,27.1,1025.2,0.00,0.00
2026-05-26T16:00,24.9,0.00,25.8,1025.2,0.00,0.00
2026-05-26T17:00,22.5,0.00,22.9,1025.3,0.00,0.00
2026-05-26T18:00,20.2,0.00,20.2,1025.4,0.00,0.00
2026-05-26T19:00,18.0,0.00,17.5,1025.5,0.00,0.00
2026-05-26T20:00,15.9,0.00,14.9,1025.6,0.00,0.00
2026-05-26T21:00,15.5,0.00,14.4,1025.5,0.00,0.00
2026-05-26T22:00,15.2,0.00,13.9,1025.3,0.00,0.00
2026-05-26T23:00,15.1,0.00,13.5,1025.2,0.00,0.00
2026-05-27T00:00,15.2,0.00,13.4,1025.2,0.00,0.00
2026-05-27T01:00,15.6,0.00,13.5,1025.1,0.00,0.00
2026-05-27T02:00,16.4,0.00,13.9,1025.1,0.00,0.00
2026-05-27T03:00,17.6,0.00,14.8,1025.1,0.00,0.00
2026-05-27T04:00,19.0,0.00,16.4,1025.1,0.00,0.00
2026-05-27T05:00,20.4,0.00,18.0,1025.1,0.00,0.00
2026-05-27T06:00,21.5,0.00,19.3,1025.2,0.00,0.00
2026-05-27T07:00,22.1,0.00,19.9,1025.2,0.00,0.00
2026-05-27T08:00,22.2,0.00,19.8,1025.2,0.00,0.00
2026-05-27T09:00,22.0,0.00,19.2,1025.2,0.00,0.00
2026-05-27T10:00,21.4,0.00,18.1,1025.1,0.00,0.00
2026-05-27T11:00,20.7,0.00,16.9,1025.1,0.00,0.00
2026-05-27T12:00,19.9,0.00,16.2,1025.1,0.00,0.00
2026-05-27T13:00,19.0,0.00,15.5,1025.2,0.00,0.00
2026-05-27T14:00,18.0,0.00,14.7,1025.4,0.00,0.00
2026-05-27T15:00,16.8,0.00,13.6,1025.6,0.00,0.00
2026-05-27T16:00,15.4,0.00,12.5,1025.9,0.00,0.00
2026-05-27T17:00,14.0,0.00,11.4,1026.2,0.00,0.00
2026-05-27T18:00,12.9,0.00,10.6,1026.5,0.00,0.00
2026-05-27T19:00,12.3,0.00,10.2,1026.7,0.00,0.00
2026-05-27T20:00,12.1,0.00,10.2,1026.8,0.00,0.00
2026-05-27T21:00,12.1,0.00,10.4,1026.9,0.00,0.00
2026-05-27T22:00,12.5,0.00,11.0,1027.0,0.00,0.00
2026-05-27T23:00,13.0,0.00,11.6,1027.0,0.00,0.00
2026-05-28T00:00,13.7,0.00,12.4,1027.0,0.00,0.00
2026-05-28T01:00,14.6,0.00,13.2,1026.9,0.00,0.00
2026-05-28T02:00,15.7,0.00,14.2,1026.8,0.00,0.00
2026-05-28T03:00,17.2,0.00,15.4,1026.6,0.00,0.00
2026-05-28T04:00,18.9,0.00,17.6,1026.4,0.00,0.00
2026-05-28T05:00,20.5,0.00,19.7,1026.2,0.00,0.00
2026-05-28T06:00,21.9,0.00,21.3,1025.9,0.00,0.00
2026-05-28T07:00,22.8,0.00,22.1,1025.6,0.00,0.00
2026-05-28T08:00,23.2,0.00,22.3,1025.2,0.00,0.00
2026-05-28T09:00,23.4,0.00,21.9,1024.8,0.00,0.00
2026-05-28T10:00,23.2,0.00,21.0,1024.4,0.00,0.00
2026-05-28T11:00,23.0,0.00,20.0,1024.0,0.00,0.00
2026-05-28T12:00,22.5,0.00,19.6,1023.5,0.00,0.00
2026-05-28T13:00,22.0,0.00,19.3,1023.2,0.00,0.00
2026-05-28T14:00,21.3,0.00,18.9,1022.9,0.00,0.00
2026-05-28T15:00,20.3,0.00,18.3,1022.7,0.00,0.00
2026-05-28T16:00,19.1,0.00,17.7,1022.6,0.00,0.00
2026-05-28T17:00,18.0,0.00,16.5,1022.4,0.00,0.00
2026-05-28T18:00,17.1,0.00,15.3,1022.2,0.00,0.00
2026-05-28T19:00,16.5,0.00,14.6,1022.0,0.00,0.00
2026-05-28T20:00,16.2,0.00,14.3,1021.8,0.00,0.00
2026-05-28T21:00,16.1,0.00,14.1,1021.5,0.00,0.00
2026-05-28T22:00,16.1,0.00,14.3,1021.3,0.00,0.00
2026-05-28T23:00,16.5,0.00,14.6,1021.0,0.00,0.00
2026-05-29T00:00,16.9,0.00,15.2,1020.7,0.00,0.00
2026-05-29T01:00,17.6,0.00,15.9,1020.4,0.00,0.00
2026-05-29T02:00,18.9,0.00,16.9,1020.0,0.00,0.00
2026-05-29T03:00,20.5,0.00,18.4,1019.6,0.00,0.00
2026-05-29T04:00,22.5,0.00,20.8,1019.1,0.00,0.00
2026-05-29T05:00,24.4,0.00,23.1,1018.6,0.00,0.00
2026-05-29T06:00,26.0,0.00,25.1,1018.2,0.00,0.00
2026-05-29T07:00,27.0,0.00,26.3,1017.7,0.00,0.00
2026-05-29T08:00,27.5,0.00,26.8,1017.2,0.00,0.00
2026-05-29T09:00,27.6,0.00,26.5,1016.8,0.00,0.00
2026-05-29T10:00,27.4,0.00,25.1,1016.3,0.00,0.00
2026-05-29T11:00,27.0,0.00,24.1,1015.9,0.00,0.00
2026-05-29T12:00,26.4,0.00,23.3,1015.5,0.00,0.00
2026-05-29T13:00,25.8,0.00,22.7,1015.2,0.00,0.00
2026-05-29T14:00,24.9,0.00,22.1,1015.0,0.00,0.00
2026-05-29T15:00,23.8,0.00,21.4,1015.0,0.00,0.00
2026-05-29T16:00,22.5,0.00,20.7,1014.9,0.00,0.00
2026-05-29T17:00,21.2,0.00,20.0,1015.0,0.00,0.00
2026-05-29T18:00,20.2,0.00,19.3,1015.0,0.00,0.00
2026-05-29T19:00,19.6,0.00,18.7,1015.0,0.00,0.00
2026-05-29T20:00,19.5,0.00,18.5,1015.0,0.00,0.00
2026-05-29T21:00,19.5,0.00,18.5,1015.0,0.00,0.00
2026-05-29T22:00,19.8,0.00,18.9,1015.0,0.00,0.00
2026-05-29T23:00,20.2,0.00,19.3,1015.0,0.00,0.00
2026-05-30T00:00,20.9,0.00,20.0,1015.0,0.00,0.00
2026-05-30T01:00,21.6,0.00,20.8,1015.0,0.00,0.00
2026-05-30T02:00,22.8,0.00,21.8,1015.0,0.00,0.00
2026-05-30T03:00,24.2,0.00,23.3,1014.9,0.00,0.00
2026-05-30T04:00,25.9,0.00,25.3,1014.8,0.00,0.00
2026-05-30T05:00,27.5,0.00,27.4,1014.8,0.00,0.00
2026-05-30T06:00,28.7,0.00,29.1,1014.7,0.00,0.00
2026-05-30T07:00,29.4,0.00,29.9,1014.6,0.00,0.00
2026-05-30T08:00,29.5,0.00,29.8,1014.5,0.00,0.00
2026-05-30T09:00,29.0,0.00,28.9,1014.4,0.00,0.00
2026-05-30T10:00,28.4,0.00,27.6,1014.3,0.00,0.00
2026-05-30T11:00,27.5,0.00,26.6,1014.2,0.00,0.00
2026-05-30T12:00,26.5,0.00,25.7,1014.1,0.00,0.00
2026-05-30T13:00,25.6,0.00,25.1,1014.1,0.00,0.00
2026-05-30T14:00,24.7,0.00,24.5,1014.2,0.00,0.00
2026-05-30T15:00,23.6,0.00,23.9,1014.3,0.00,0.00
2026-05-30T16:00,22.5,0.00,23.2,1014.5,0.00,0.00
2026-05-30T17:00,21.4,0.00,22.6,1014.7,0.00,0.00
2026-05-30T18:00,20.5,0.00,22.0,1014.9,0.00,0.00
2026-05-30T19:00,20.0,0.00,21.7,1015.1,0.00,0.00
2026-05-30T20:00,19.7,0.00,21.6,1015.3,0.00,0.00
2026-05-30T21:00,19.6,0.00,21.5,1015.6,0.00,0.00
2026-05-30T22:00,19.8,0.00,21.5,1015.9,0.00,0.00
2026-05-30T23:00,20.1,0.00,21.7,1016.1,0.00,0.00
2026-05-31T00:00,20.7,0.00,22.0,1016.3,0.00,0.00
2026-05-31T01:00,21.4,0.00,22.4,1016.5,0.00,0.00
2026-05-31T02:00,22.4,0.00,23.2,1016.6,0.00,0.00
2026-05-31T03:00,23.8,0.00,24.2,1016.6,0.00,0.00
2026-05-31T04:00,25.3,0.00,25.8,1016.5,0.00,0.00
2026-05-31T05:00,26.8,0.00,27.5,1016.5,0.00,0.00
2026-05-31T06:00,28.1,0.00,28.9,1016.4,0.00,0.00
2026-05-31T07:00,29.0,0.00,29.7,1016.4,0.00,0.00
2026-05-31T08:00,29.4,0.00,29.8,1016.4,0.00,0.00
2026-05-31T09:00,29.4,0.00,29.3,1016.4,0.00,0.00
2026-05-31T10:00,29.2,0.00,28.5,1016.4,0.00,0.00
2026-05-31T11:00,29.0,0.00,27.9,1016.5,0.00,0.00
2026-05-31T12:00,28.5,0.00,27.5,1016.5,0.00,0.00
2026-05-31T13:00,28.0,0.00,27.1,1016.6,0.00,0.00
2026-05-31T14:00,27.2,0.00,26.6,1016.7,0.00,0.00
2026-05-31T15:00,26.3,0.00,26.0,1016.9,0.00,0.00
2026-05-31T16:00,25.2,0.00,25.3,1017.2,0.00,0.00
2026-05-31T17:00,24.1,0.00,24.6,1017.4,0.00,0.00
2026-05-31T18:00,23.2,0.00,24.1,1017.6,0.00,0.00
2026-05-31T19:00,22.4,0.00,23.7,1017.7,0.00,0.00
2026-05-31T20:00,21.8,0.40,23.5,1017.8,0.00,0.50
2026-05-31T21:00,21.1,0.40,23.3,1017.8,0.00,0.50
2026-05-31T22:00,20.6,0.40,22.9,1017.8,0.00,0.50
2026-05-31T23:00,20.2,0.40,22.6,1017.8,0.00,0.50
2026-06-01T00:00,20.1,0.40,22.3,1017.8,0.00,0.50
2026-06-01T01:00,20.2,0.40,22.4,1017.7,0.00,0.50
2026-06-01T02:00,20.9,0.00,22.8,1017.6,0.00,0.10
2026-06-01T03:00,22.0,0.00,23.5,1017.4,0.00,0.10
2026-06-01T04:00,23.4,0.00,24.1,1017.3,0.00,0.10
2026-06-01T05:00,24.8,0.00,24.6,1017.1,0.00,0.10
2026-06-01T06:00,25.8,0.00,24.9,1017.0,0.00,0.10
2026-06-01T07:00,26.1,0.00,24.9,1017.0,0.00,0.10
2026-06-01T08:00,25.9,0.30,24.6,1017.1,0.00,0.40
2026-06-01T09:00,25.1,0.30,24.0,1017.2,0.00,0.40
2026-06-01T10:00,24.0,0.30,23.3,1017.4,0.00,0.40
2026-06-01T11:00,22.9,0.30,22.5,1017.6,0.00,0.40
2026-06-01T12:00,21.6,0.30,21.6,1017.9,0.00,0.40
2026-06-01T13:00,20.6,0.30,20.7,1018.2,0.00,0.40
2026-06-01T14:00,19.6,0.00,19.6,1018.6,0.00,0.00
2026-06-01T15:00,18.6,0.00,18.2,1019.2,0.00,0.00
2026-06-01T16:00,17.6,0.00,16.8,1019.8,0.00,0.00
2026-06-01T17:00,16.7,0.00,15.5,1020.4,0.00,0.00
2026-06-01T18:00,15.9,0.00,14.3,1021.0,0.00,0.00
2026-06-01T19:00,15.4,0.00,13.6,1021.5,0.00,0.00
2026-06-01T20:00,15.2,0.00,13.3,1021.9,0.00,0.00
2026-06-01T21:00,15.2,0.00,13.2,1022.3,0.00,0.00
2026-06-01T22:00,15.4,0.00,13.5,1022.6,0.00,0.00
2026-06-01T23:00,15.7,0.00,13.8,1022.9,0.00,0.00
2026-06-02T00:00,16.1,0.00,14.3,1023.1,0.00,0.00
2026-06-02T01:00,16.7,0.00,14.7,1023.3,0.00,0.00
2026-06-02T02:00,17.5,0.00,15.3,1023.4,0.00,0.00
2026-06-02T03:00,18.5,0.00,16.1,1023.5,0.00,0.00
2026-06-02T04:00,19.8,0.00,17.0,1023.5,0.00,0.00
2026-06-02T05:00,20.9,0.00,18.2,1023.4,0.00,0.00
2026-06-02T06:00,21.9,0.00,19.1,1023.4,0.00,0.00
2026-06-02T07:00,22.5,0.00,19.6,1023.3,0.00,0.00
2026-06-02T08:00,22.8,0.00,19.8,1023.2,0.00,0.00
2026-06-02T09:00,22.9,0.00,19.8,1023.0,0.00,0.00
2026-06-02T10:00,22.8,0.00,19.9,1022.9,0.00,0.00
2026-06-02T11:00,22.5,0.00,20.0,1022.7,0.00,0.00
2026-06-02T12:00,22.1,0.00,19.9,1022.5,0.00,0.00
2026-06-02T13:00,21.6,0.00,19.6,1022.4,0.00,0.00
2026-06-02T14:00,20.9,0.00,19.2,1022.3,0.00,0.00
2026-06-02T15:00,19.9,0.00,18.5,1022.3,0.00,0.00
2026-06-02T16:00,18.6,0.00,17.6,1022.2,0.00,0.00
2026-06-02T17:00,16.2,0.00,14.9,1020.7,0.00,0.00
2026-06-02T18:00,14.2,0.00,12.4,1019.0,0.00,0.00
2026-06-02T19:00,12.6,0.00,10.2,1017.0,0.00,0.00
2026-06-02T20:00,11.0,0.00,7.9,1014.8,0.00,0.00
2026-06-02T21:00,10.6,0.00,7.5,1014.3,0.00,0.00
2026-06-02T22:00,10.6,0.00,7.5,1013.9,0.00,0.00
2026-06-02T23:00,11.6,0.00,8.5,1013.6,0.00,0.00
2026-06-03T00:00,13.0,0.00,10.0,1013.5,0.00,0.00
2026-06-03T01:00,13.9,0.00,10.8,1013.3,0.00,0.00
2026-06-03T02:00,13.6,0.00,10.3,1013.2,0.00,0.00
2026-06-03T03:00,12.6,0.00,9.3,1013.0,0.00,0.00
2026-06-03T04:00,12.3,0.00,9.7,1012.8,0.00,0.00
2026-06-03T05:00,13.3,0.00,10.8,1012.3,0.00,0.00
2026-06-03T06:00,14.9,0.00,11.7,1011.7,0.00,0.00
2026-06-03T07:00,16.0,0.00,12.3,1011.2,0.00,0.00
2026-06-03T08:00,16.3,0.00,12.6,1011.0,0.00,0.00
2026-06-03T09:00,16.1,0.00,12.6,1010.9,0.00,0.00
2026-06-03T10:00,15.8,0.00,12.3,1010.8,0.00,0.00
2026-06-03T11:00,15.7,0.00,11.8,1010.5,0.00,0.00
2026-06-03T12:00,15.5,0.00,11.9,1010.1,0.00,0.00
2026-06-03T13:00,15.0,0.00,11.6,1009.8,0.00,0.00
2026-06-03T14:00,14.0,0.00,10.9,1009.8,0.00,0.00
2026-06-03T15:00,12.8,0.00,9.8,1009.8,0.00,0.00
2026-06-03T16:00,11.9,0.00,9.0,1009.8,0.00,0.00
2026-06-03T17:00,11.9,0.00,9.2,1009.6,0.00,0.00
2026-06-03T18:00,12.3,0.00,9.8,1009.3,0.00,0.00
2026-06-03T19:00,12.4,0.00,10.1,1009.0,0.00,0.00
2026-06-03T20:00,12.0,0.00,9.6,1008.8,0.00,0.00
2026-06-03T21:00,11.3,0.00,8.8,1008.7,0.00,0.00
2026-06-03T22:00,11.0,0.00,8.5,1008.7,0.00,0.00
2026-06-03T23:00,11.6,0.00,8.8,1008.7,0.00,0.00
